open_time,open,high,low,close,volume
2025-08-31 21:00:00,109118.0,109118.0,108957.12,109019.99,65.50597
2025-08-31 21:15:00,109020.0,109077.5,109012.94,109024.8,28.05846
2025-08-31 21:30:00,109024.8,109096.51,109007.36,109096.51,33.1327
2025-08-31 21:45:00,109096.51,109106.11,109015.0,109037.29,29.52371
2025-08-31 22:00:00,109037.3,109070.8,108876.0,109070.79,63.59999
2025-08-31 22:15:00,109070.8,109230.0,109070.79,109181.55,77.3006
2025-08-31 22:30:00,109181.56,109181.56,108848.11,108848.11,55.26893
2025-08-31 22:45:00,108848.11,108934.13,108758.37,108900.46,49.72626
2025-08-31 23:00:00,108900.45,108917.36,108622.65,108684.74,110.87622
2025-08-31 23:15:00,108684.74,108684.74,108355.0,108387.96,162.49957
2025-08-31 23:30:00,108387.96,108416.35,108076.93,108258.0,258.06379
2025-08-31 23:45:00,108257.99,108356.05,108167.34,108246.35,166.04275
2025-09-01 00:00:00,108246.36,108332.35,107970.65,107970.66,422.51571
2025-09-01 00:15:00,107970.66,108077.06,107631.68,107823.71,285.77887
2025-09-01 00:30:00,107823.71,108218.49,107676.76,108167.15,259.91916
2025-09-01 00:45:00,108167.15,108406.18,108084.0,108222.37,110.60836
2025-09-01 01:00:00,108222.37,108355.0,107968.09,108143.65,101.07012
2025-09-01 01:15:00,108143.65,108286.99,108014.0,108241.63,96.1696
2025-09-01 01:30:00,108241.63,108299.3,108052.0,108299.29,135.78212
2025-09-01 01:45:00,108299.29,108482.98,107980.0,108150.24,138.19378
2025-09-01 02:00:00,108150.24,108197.67,107921.18,107970.59,156.30884
2025-09-01 02:15:00,107970.58,107980.0,107565.99,107688.19,307.49225
2025-09-01 02:30:00,107688.19,107707.33,107525.51,107562.56,179.82548
2025-09-01 02:45:00,107562.56,107732.96,107425.42,107617.05,226.19025
2025-09-01 03:00:00,107617.05,107769.94,107473.22,107530.32,171.19847
2025-09-01 03:15:00,107530.33,107632.79,107447.44,107505.21,208.40658
2025-09-01 03:30:00,107505.21,107556.54,107393.0,107556.54,172.656
2025-09-01 03:45:00,107556.54,107722.49,107437.81,107660.01,234.22538
2025-09-01 04:00:00,107660.0,107759.99,107516.28,107729.97,157.13789
2025-09-01 04:15:00,107729.98,107743.47,107300.4,107467.42,243.59522
2025-09-01 04:30:00,107467.41,107467.41,107280.0,107309.91,134.35069
2025-09-01 04:45:00,107309.9,107459.03,107279.51,107409.1,110.74458
2025-09-01 05:00:00,107409.09,107721.76,107255.44,107356.0,203.16554
2025-09-01 05:15:00,107356.0,107732.04,107255.0,107715.74,188.7849
2025-09-01 05:30:00,107715.74,107987.4,107653.38,107945.64,102.13993
2025-09-01 05:45:00,107945.64,107960.0,107828.39,107866.12,53.70248
2025-09-01 06:00:00,107866.13,107944.0,107594.42,107936.0,122.78803
2025-09-01 06:15:00,107935.99,108036.81,107793.24,107936.76,109.39719
2025-09-01 06:30:00,107936.76,108115.94,107924.5,108101.45,85.25886
2025-09-01 06:45:00,108101.44,108128.0,108015.42,108064.75,67.14641
2025-09-01 07:00:00,108064.76,108175.0,108001.0,108001.0,123.37589
2025-09-01 07:15:00,108001.0,108444.0,107984.79,108436.12,186.27239
2025-09-01 07:30:00,108436.12,108957.44,108433.35,108823.54,484.42044
2025-09-01 07:45:00,108823.54,109432.99,108823.53,109432.99,531.89236
2025-09-01 08:00:00,109432.99,109820.02,109432.99,109514.48,580.06184
2025-09-01 08:15:00,109514.48,109738.0,109424.0,109439.48,318.34158
2025-09-01 08:30:00,109439.48,109615.77,109439.47,109586.94,125.43416
2025-09-01 08:45:00,109586.94,109693.37,109522.0,109590.0,79.91895
2025-09-01 09:00:00,109590.0,109800.0,109485.57,109800.0,122.53302
2025-09-01 09:15:00,109799.99,109811.22,109649.21,109699.99,94.20069
2025-09-01 09:30:00,109700.0,109912.4,109587.77,109812.0,160.02592
2025-09-01 09:45:00,109811.99,109836.0,109486.0,109524.12,136.74364
2025-09-01 10:00:00,109524.13,109535.32,109197.39,109216.98,196.92319
2025-09-01 10:15:00,109216.99,109261.97,108848.11,108859.99,213.50407
2025-09-01 10:30:00,108860.0,108883.99,108186.41,108345.12,349.6932
2025-09-01 10:45:00,108345.11,108571.42,108229.18,108571.41,188.70732
2025-09-01 11:00:00,108571.42,108718.63,108464.0,108591.09,162.95897
2025-09-01 11:15:00,108591.09,108722.92,108539.6,108681.82,138.76977
2025-09-01 11:30:00,108681.82,108699.98,108491.87,108506.0,108.4458
2025-09-01 11:45:00,108505.99,108857.35,108505.99,108782.88,135.02913
2025-09-01 12:00:00,108782.89,108934.32,108635.39,108904.93,189.00166
2025-09-01 12:15:00,108904.93,108999.98,108784.03,108951.0,107.11759
2025-09-01 12:30:00,108951.0,109165.47,108905.0,108966.67,223.41524
2025-09-01 12:45:00,108966.68,109117.5,108932.95,109108.27,116.81071
2025-09-01 13:00:00,109108.27,109294.67,109049.69,109188.38,164.58374
2025-09-01 13:15:00,109188.39,109520.0,109094.26,109450.63,193.53195
2025-09-01 13:30:00,109450.64,109474.16,109115.51,109168.0,171.83096
2025-09-01 13:45:00,109168.0,109229.08,108936.44,109023.61,195.17641
2025-09-01 14:00:00,109023.61,109276.19,109020.14,109224.88,114.34773
2025-09-01 14:15:00,109224.89,109332.28,108980.0,109065.68,178.90222
2025-09-01 14:30:00,109065.69,109140.0,108824.82,109084.41,86.06012
2025-09-01 14:45:00,109084.42,109222.0,108855.58,109146.6,111.54425
2025-09-01 15:00:00,109146.59,109373.1,108980.0,109098.94,120.87107
2025-09-01 15:15:00,109098.95,109116.66,108650.01,108703.16,122.2435
2025-09-01 15:30:00,108703.15,108866.95,108601.47,108689.58,94.82834
2025-09-01 15:45:00,108689.59,108790.92,108566.0,108784.33,76.07964
2025-09-01 16:00:00,108784.33,109018.47,108653.09,109018.46,121.36196
2025-09-01 16:15:00,109018.47,109096.0,108912.79,108943.99,68.87083
2025-09-01 16:30:00,108944.0,109035.8,108774.0,108895.1,68.67376
2025-09-01 16:45:00,108895.1,108998.36,108706.0,108774.23,115.49946
2025-09-01 17:00:00,108774.23,108860.13,108391.3,108567.09,184.49374
2025-09-01 17:15:00,108567.09,108696.38,108490.93,108624.46,142.57706
2025-09-01 17:30:00,108624.45,108854.86,108515.36,108844.52,140.16452
2025-09-01 17:45:00,108844.52,108953.82,108736.23,108927.61,103.65322
2025-09-01 18:00:00,108927.61,109073.42,108921.17,109073.42,85.9809
2025-09-01 18:15:00,109073.42,109200.0,109009.32,109173.88,92.77991
2025-09-01 18:30:00,109173.88,109214.0,109004.0,109139.9,71.09486
2025-09-01 18:45:00,109139.89,109267.22,109139.89,109240.0,96.25101
2025-09-01 19:00:00,109240.0,109300.0,109182.81,109207.61,79.02878
2025-09-01 19:15:00,109207.61,109326.22,109169.67,109174.53,78.48953
2025-09-01 19:30:00,109174.53,109329.65,109160.27,109263.08,53.25951
2025-09-01 19:45:00,109263.08,109267.99,109167.26,109217.64,50.97144
2025-09-01 20:00:00,109217.65,109217.65,109055.9,109100.64,64.44373
2025-09-01 20:15:00,109100.64,109110.09,109008.81,109082.01,43.38775
2025-09-01 20:30:00,109082.01,109088.33,108472.99,108472.99,276.21172
2025-09-01 20:45:00,108473.0,108877.39,108284.0,108877.38,489.48702
2025-09-01 21:00:00,108877.39,108939.42,108430.0,108433.54,211.65625
2025-09-01 21:15:00,108433.54,108568.0,108098.51,108112.74,188.90763
2025-09-01 21:30:00,108112.74,108112.74,107459.49,107595.62,303.47393
2025-09-01 21:45:00,107595.63,107818.0,107503.53,107800.8,213.87461
2025-09-01 22:00:00,107800.8,107977.71,107588.01,107916.11,195.77594
2025-09-01 22:15:00,107916.1,108214.4,107904.01,108043.99,131.20491
2025-09-01 22:30:00,108044.0,108209.57,107948.12,108056.0,102.4001
2025-09-01 22:45:00,108055.99,108500.04,108040.07,108444.96,88.38799
2025-09-01 23:00:00,108444.96,108773.69,108428.45,108758.0,167.39159
2025-09-01 23:15:00,108758.0,108800.0,108607.48,108800.0,81.29746
2025-09-01 23:30:00,108799.99,109139.77,108680.0,109120.01,189.59415
2025-09-01 23:45:00,109120.0,109442.95,109104.2,109237.42,264.80677
2025-09-02 00:00:00,109237.43,109269.95,109052.95,109092.0,133.56172
2025-09-02 00:15:00,109092.01,109337.64,109030.17,109030.17,155.4343
2025-09-02 00:30:00,109030.16,109108.97,108888.0,108888.0,189.48973
2025-09-02 00:45:00,108888.01,109118.18,108883.8,109040.36,73.62132
2025-09-02 01:00:00,109040.36,109264.0,109021.01,109208.0,104.73282
2025-09-02 01:15:00,109208.0,109267.09,109060.0,109208.0,90.26701
2025-09-02 01:30:00,109208.0,109540.98,108993.0,109484.94,183.10202
2025-09-02 01:45:00,109484.94,109611.11,109313.0,109313.0,238.47486
2025-09-02 02:00:00,109313.0,109535.96,109290.97,109356.0,155.34258
2025-09-02 02:15:00,109356.01,109606.0,109171.78,109523.64,186.17391
2025-09-02 02:30:00,109523.65,109672.0,109452.16,109629.65,163.73357
2025-09-02 02:45:00,109629.65,110272.06,109611.74,110246.01,575.89026
2025-09-02 03:00:00,110246.0,110433.0,110060.12,110370.53,355.46485
2025-09-02 03:15:00,110370.52,110623.97,110128.0,110160.05,242.68717
2025-09-02 03:30:00,110160.04,110416.24,110120.38,110323.78,176.14076
2025-09-02 03:45:00,110323.78,110500.0,110283.78,110322.18,141.9032
2025-09-02 04:00:00,110322.19,110360.0,110218.14,110360.0,105.63117
2025-09-02 04:15:00,110359.99,110420.0,110246.31,110314.0,125.25953
2025-09-02 04:30:00,110314.01,110365.8,110167.53,110224.53,124.37832
2025-09-02 04:45:00,110224.53,110322.34,110143.62,110310.56,137.21247
2025-09-02 05:00:00,110310.56,110337.06,110045.01,110180.0,108.30412
2025-09-02 05:15:00,110180.0,110264.54,110099.6,110145.14,85.29121
2025-09-02 05:30:00,110145.14,110204.4,110113.24,110124.01,78.01256
2025-09-02 05:45:00,110124.01,110311.03,110124.0,110209.32,87.74674
2025-09-02 06:00:00,110209.33,110398.69,110173.96,110359.99,184.6204
2025-09-02 06:15:00,110359.99,110488.61,110338.95,110446.02,106.78201
2025-09-02 06:30:00,110446.01,110610.5,110416.41,110424.04,181.8646
2025-09-02 06:45:00,110424.03,110486.49,110339.0,110376.63,123.12905
2025-09-02 07:00:00,110376.63,110380.0,110170.0,110176.91,100.97796
2025-09-02 07:15:00,110176.92,110304.0,110160.9,110246.01,101.63888
2025-09-02 07:30:00,110246.0,110300.0,110140.0,110268.01,113.25152
2025-09-02 07:45:00,110268.0,110400.0,110000.0,110233.92,188.61554
2025-09-02 08:00:00,110233.91,110359.99,110052.27,110052.28,146.23345
2025-09-02 08:15:00,110052.28,110335.99,110052.27,110306.95,88.83887
2025-09-02 08:30:00,110306.94,110555.55,110108.96,110510.45,133.23838
2025-09-02 08:45:00,110510.45,110711.1,110340.64,110360.0,188.72557
2025-09-02 09:00:00,110360.01,110699.58,110271.15,110603.15,135.6781
2025-09-02 09:15:00,110603.16,110671.04,110322.29,110322.29,109.04299
2025-09-02 09:30:00,110322.28,110447.43,110256.94,110391.45,87.46055
2025-09-02 09:45:00,110391.45,110450.56,110301.2,110450.56,144.37032
2025-09-02 10:00:00,110450.56,110477.85,110328.42,110443.94,126.7035
2025-09-02 10:15:00,110443.95,110475.08,110244.0,110244.01,62.81988
2025-09-02 10:30:00,110244.0,110345.51,110185.04,110245.69,137.7152
2025-09-02 10:45:00,110245.69,110272.03,110128.13,110246.0,83.64011
2025-09-02 11:00:00,110246.0,110255.17,110080.0,110080.01,86.16414
2025-09-02 11:15:00,110080.01,110185.35,109874.6,109886.54,655.53494
2025-09-02 11:30:00,109886.54,109986.62,109880.76,109912.29,106.87647
2025-09-02 11:45:00,109912.29,109938.0,109563.87,109733.34,168.97344
2025-09-02 12:00:00,109733.33,109836.34,109372.44,109409.37,249.24439
2025-09-02 12:15:00,109409.37,109531.3,109300.0,109432.11,136.10548
2025-09-02 12:30:00,109432.11,109470.0,108681.49,108762.0,330.9341
2025-09-02 12:45:00,108762.0,108834.63,108393.39,108795.99,581.0432
2025-09-02 13:00:00,108796.0,109283.27,108733.88,109186.17,272.33698
2025-09-02 13:15:00,109186.17,109585.98,109186.17,109365.77,316.12753
2025-09-02 13:30:00,109365.78,110578.79,109038.99,110469.62,1044.45763
2025-09-02 13:45:00,110469.62,111275.93,110389.42,111149.99,848.28656
2025-09-02 14:00:00,111149.99,111500.0,110780.61,111026.99,550.25045
2025-09-02 14:15:00,111027.9,111540.0,110817.1,111483.87,705.24793
2025-09-02 14:30:00,111483.87,111771.52,111364.51,111530.0,452.03345
2025-09-02 14:45:00,111529.99,111617.13,111129.57,111360.01,217.77133
2025-09-02 15:00:00,111360.0,111398.34,110952.0,111395.04,333.96703
2025-09-02 15:15:00,111395.04,111540.3,111048.0,111260.77,269.3903
2025-09-02 15:30:00,111261.28,111278.0,110879.31,110967.46,250.46756
2025-09-02 15:45:00,110967.47,111088.0,110628.85,110829.17,211.22925
2025-09-02 16:00:00,110829.16,111090.25,110817.1,110968.0,150.87161
2025-09-02 16:15:00,110967.99,111119.58,110469.7,110490.6,396.92856
2025-09-02 16:30:00,110490.6,110809.03,110490.59,110578.24,213.87511
2025-09-02 16:45:00,110578.23,110785.85,110506.94,110785.85,167.00504
2025-09-02 17:00:00,110785.85,110934.46,110628.85,110663.78,196.39679
2025-09-02 17:15:00,110663.79,110929.3,110655.1,110866.68,105.09256
2025-09-02 17:30:00,110866.69,111012.0,110688.6,110868.01,334.42238
2025-09-02 17:45:00,110868.01,111050.0,110860.33,110914.0,66.09999
2025-09-02 18:00:00,110914.01,110945.3,110467.42,110536.0,149.01802
2025-09-02 18:15:00,110536.0,110678.17,110388.04,110466.42,118.68614
2025-09-02 18:30:00,110466.42,110586.13,110360.0,110514.81,65.44139
2025-09-02 18:45:00,110514.8,110829.15,110200.0,110646.47,173.53556
2025-09-02 19:00:00,110646.47,110840.0,110522.46,110541.61,156.5572
2025-09-02 19:15:00,110541.61,110669.91,110456.58,110513.51,121.8499
2025-09-02 19:30:00,110513.51,110742.84,110441.42,110670.0,68.36626
2025-09-02 19:45:00,110670.0,110817.58,110569.91,110806.0,101.08386
2025-09-02 20:00:00,110806.01,111196.0,110716.77,111195.99,169.06294
2025-09-02 20:15:00,111196.0,111350.0,111154.42,111252.0,163.09744
2025-09-02 20:30:00,111251.99,111389.99,111096.17,111289.21,163.15431
2025-09-02 20:45:00,111289.21,111419.18,111218.48,111418.49,90.11377
2025-09-02 21:00:00,111418.49,111517.84,111371.48,111517.83,112.67626
2025-09-02 21:15:00,111517.83,111538.17,111254.25,111303.31,96.51911
2025-09-02 21:30:00,111303.31,111480.0,111303.3,111360.85,72.90713
2025-09-02 21:45:00,111360.86,111360.86,111129.57,111129.57,74.15878
2025-09-02 22:00:00,111129.58,111137.8,110870.27,111119.99,177.39524
2025-09-02 22:15:00,111119.99,111173.52,111000.0,111048.0,65.4446
2025-09-02 22:30:00,111047.99,111238.56,110976.56,111185.25,90.03824
2025-09-02 22:45:00,111185.25,111260.0,111152.11,111259.99,41.99284
2025-09-02 23:00:00,111260.0,111271.13,111063.39,111238.0,73.22424
2025-09-02 23:15:00,111237.99,111249.6,111056.03,111078.81,62.79789
2025-09-02 23:30:00,111078.81,111164.83,111017.79,111109.99,49.12449
2025-09-02 23:45:00,111109.98,111240.02,111084.35,111240.01,73.70467
2025-09-03 00:00:00,111240.01,111548.0,111240.01,111530.12,352.22781
2025-09-03 00:15:00,111530.11,111782.21,111460.44,111647.99,338.07275
2025-09-03 00:30:00,111647.99,111678.0,111417.71,111417.72,199.0789
2025-09-03 00:45:00,111417.72,111451.62,111300.0,111339.98,102.82335
2025-09-03 01:00:00,111339.98,111404.77,111142.19,111220.97,117.03358
2025-09-03 01:15:00,111220.98,111240.0,110926.69,110978.5,138.4104
2025-09-03 01:30:00,110978.5,111047.76,110901.99,110929.61,76.26537
2025-09-03 01:45:00,110929.62,111200.0,110901.06,111176.94,123.10728
2025-09-03 02:00:00,111176.93,111411.02,111029.43,111098.31,107.14062
2025-09-03 02:15:00,111098.3,111393.11,111091.86,111374.54,114.01316
2025-09-03 02:30:00,111374.54,111374.54,111195.67,111338.92,98.46837
2025-09-03 02:45:00,111338.93,111484.05,111338.92,111372.0,105.27716
2025-09-03 03:00:00,111372.0,111411.24,111047.56,111078.95,145.04604
2025-09-03 03:15:00,111078.96,111164.2,110976.01,111059.27,71.32832
2025-09-03 03:30:00,111059.27,111059.28,110892.14,110950.01,103.66863
2025-09-03 03:45:00,110950.01,111129.58,110941.48,111054.01,71.65519
2025-09-03 04:00:00,111054.0,111151.99,110917.45,110917.45,114.98647
2025-09-03 04:15:00,110917.46,111101.0,110836.48,111022.01,72.61598
2025-09-03 04:30:00,111022.02,111091.63,110976.66,111022.16,33.61016
2025-09-03 04:45:00,111022.16,111095.64,110971.69,111020.68,48.05541
2025-09-03 05:00:00,111020.68,111069.48,110860.04,110899.99,72.60092
2025-09-03 05:15:00,110900.0,110919.83,110709.6,110778.55,85.022
2025-09-03 05:30:00,110778.55,110846.65,110737.77,110780.63,83.32039
2025-09-03 05:45:00,110780.62,110794.0,110666.0,110685.57,86.2063
2025-09-03 06:00:00,110685.57,110739.41,110549.8,110700.01,325.08663
2025-09-03 06:15:00,110700.01,110829.15,110651.36,110806.97,67.5399
2025-09-03 06:30:00,110806.98,110879.89,110738.54,110758.86,63.62694
2025-09-03 06:45:00,110758.85,110813.2,110673.63,110724.0,49.71291
2025-09-03 07:00:00,110724.0,110845.34,110573.25,110766.41,105.83549
2025-09-03 07:15:00,110766.41,110779.99,110528.71,110779.99,128.7718
2025-09-03 07:30:00,110780.0,110975.05,110780.0,110942.77,103.00641
2025-09-03 07:45:00,110942.77,111111.11,110921.81,111099.88,99.70202
2025-09-03 08:00:00,111099.87,111270.51,111058.28,111225.99,159.19761
2025-09-03 08:15:00,111225.99,111279.48,111054.0,111115.12,101.15982
2025-09-03 08:30:00,111115.12,111138.37,111009.95,111065.43,50.49319
2025-09-03 08:45:00,111065.44,111076.57,110974.0,111019.99,54.27509
2025-09-03 09:00:00,111019.99,111072.26,110889.29,110914.9,56.90693
2025-09-03 09:15:00,110914.89,111266.11,110914.89,111134.53,100.71029
2025-09-03 09:30:00,111134.54,111241.78,111104.73,111199.99,57.3993
2025-09-03 09:45:00,111199.99,111324.0,111146.26,111312.28,99.96357
2025-09-03 10:00:00,111312.28,111370.96,111170.06,111339.17,78.39089
2025-09-03 10:15:00,111339.17,111491.74,111320.0,111484.72,148.4462
2025-09-03 10:30:00,111484.72,111488.35,111413.18,111456.64,65.97167
2025-09-03 10:45:00,111456.64,111480.08,111318.83,111449.99,84.31758
2025-09-03 11:00:00,111450.0,111708.0,111422.4,111643.17,191.45489
2025-09-03 11:15:00,111643.16,111657.51,111419.17,111500.78,96.82508
2025-09-03 11:30:00,111500.77,111596.0,111388.24,111580.0,106.78026
2025-09-03 11:45:00,111580.0,111580.0,111437.76,111437.77,62.54471
2025-09-03 12:00:00,111437.77,111619.87,111437.77,111466.43,57.38206
2025-09-03 12:15:00,111466.43,111618.29,111455.4,111513.94,49.83253
2025-09-03 12:30:00,111513.94,111858.57,111250.44,111255.98,216.38092
2025-09-03 12:45:00,111255.98,111338.69,111031.61,111112.0,116.52084
2025-09-03 13:00:00,111112.0,111350.0,111065.56,111346.12,104.80183
2025-09-03 13:15:00,111346.12,111477.15,111313.73,111344.56,91.60447
2025-09-03 13:30:00,111344.55,111720.19,111104.01,111673.44,259.1138
2025-09-03 13:45:00,111673.43,111920.7,111311.7,111475.07,407.0513
2025-09-03 14:00:00,111475.08,111847.98,111222.25,111222.26,337.72071
2025-09-03 14:15:00,111222.25,111580.0,111118.43,111443.87,279.67097
2025-09-03 14:30:00,111443.86,112500.0,111443.86,112475.99,493.52293
2025-09-03 14:45:00,112476.0,112498.0,112067.99,112261.37,369.72919
2025-09-03 15:00:00,112261.37,112376.7,112121.58,112121.59,292.77153
2025-09-03 15:15:00,112121.59,112182.6,111910.24,111958.0,159.33764
2025-09-03 15:30:00,111957.99,112322.28,111931.35,112320.01,182.91024
2025-09-03 15:45:00,112320.0,112357.06,112168.65,112222.74,131.65391
2025-09-03 16:00:00,112222.73,112336.0,112081.72,112178.0,104.90107
2025-09-03 16:15:00,112177.99,112178.0,111900.0,111965.99,209.87697
2025-09-03 16:30:00,111965.99,112112.0,111720.2,111733.64,190.97566
2025-09-03 16:45:00,111733.65,111858.66,111686.24,111858.66,98.44306
2025-09-03 17:00:00,111858.65,112400.0,111858.65,112380.33,124.79564
2025-09-03 17:15:00,112380.32,112485.28,112300.0,112448.7,118.04642
2025-09-03 17:30:00,112448.71,112469.79,112261.36,112297.91,179.49092
2025-09-03 17:45:00,112297.92,112575.27,112259.05,112312.64,152.36559
2025-09-03 18:00:00,112312.64,112516.35,112257.4,112382.82,161.58369
2025-09-03 18:15:00,112382.81,112388.0,112121.58,112136.54,139.61657
2025-09-03 18:30:00,112136.53,112136.54,111842.84,111885.48,93.80084
2025-09-03 18:45:00,111885.48,112000.0,111800.0,112000.0,70.80195
2025-09-03 19:00:00,112000.0,112000.0,111815.29,111815.29,68.15424
2025-09-03 19:15:00,111815.3,111947.48,111781.63,111917.7,66.97149
2025-09-03 19:30:00,111917.71,111996.8,111792.5,111859.81,45.96416
2025-09-03 19:45:00,111859.82,112252.33,111842.84,112193.74,131.52046
2025-09-03 20:00:00,112193.74,112250.0,112094.43,112113.69,58.58859
2025-09-03 20:15:00,112113.69,112137.17,112052.1,112127.16,47.31858
2025-09-03 20:30:00,112127.17,112165.92,112080.0,112125.19,52.01533
2025-09-03 20:45:00,112125.19,112211.31,112125.18,112211.31,71.23613
2025-09-03 21:00:00,112211.3,112250.0,112139.37,112139.37,42.18574
2025-09-03 21:15:00,112139.38,112180.0,112045.73,112092.95,40.45813
2025-09-03 21:30:00,112092.96,112107.02,111798.08,111864.95,51.23695
2025-09-03 21:45:00,111864.95,112021.25,111759.5,111989.67,48.40724
2025-09-03 22:00:00,111989.68,112110.11,111980.24,112096.27,63.10427
2025-09-03 22:15:00,112096.27,112150.0,111953.24,111955.62,48.16745
2025-09-03 22:30:00,111955.62,111955.63,111874.46,111919.99,35.56676
2025-09-03 22:45:00,111919.99,111979.99,111839.86,111947.48,30.89616
2025-09-03 23:00:00,111947.47,111980.0,111842.84,111864.67,43.76315
2025-09-03 23:15:00,111864.68,111936.78,111775.21,111808.84,91.63111
2025-09-03 23:30:00,111808.85,111845.05,111613.98,111656.4,75.55028
2025-09-03 23:45:00,111656.41,111750.0,111646.5,111705.71,148.12763
2025-09-04 00:00:00,111705.72,111777.87,111619.86,111730.44,117.4879
2025-09-04 00:15:00,111730.45,112094.64,111672.04,112005.0,118.55811
2025-09-04 00:30:00,112005.0,112144.74,111955.7,112068.0,45.62912
2025-09-04 00:45:00,112067.99,112180.0,112016.0,112065.61,61.7511
2025-09-04 01:00:00,112065.6,112080.0,111700.0,111704.81,89.6422
2025-09-04 01:15:00,111704.81,111795.91,111641.63,111795.9,50.07843
2025-09-04 01:30:00,111795.9,112013.99,111778.55,111891.41,69.64533
2025-09-04 01:45:00,111891.41,111947.48,111800.0,111947.48,42.40561
2025-09-04 02:00:00,111947.48,111980.01,111804.81,111825.12,43.5213
2025-09-04 02:15:00,111825.11,111830.99,111430.45,111430.46,146.12853
2025-09-04 02:30:00,111430.45,111713.66,111406.79,111602.44,112.74189
2025-09-04 02:45:00,111602.45,111656.35,111419.17,111450.15,57.3036
2025-09-04 03:00:00,111450.16,111537.81,111329.86,111480.48,126.08558
2025-09-04 03:15:00,111480.49,111728.57,111319.68,111378.66,142.38227
2025-09-04 03:30:00,111378.66,111398.24,111240.6,111252.01,105.65197
2025-09-04 03:45:00,111252.01,111276.0,111136.0,111148.97,155.74609
2025-09-04 04:00:00,111148.97,111280.0,111114.22,111242.88,101.40743
2025-09-04 04:15:00,111242.87,111318.84,111140.37,111141.99,69.39362
2025-09-04 04:30:00,111141.66,111229.73,111107.0,111133.92,57.39182
2025-09-04 04:45:00,111133.92,111166.68,110917.45,110917.45,104.5374
2025-09-04 05:00:00,110917.46,110922.4,110686.57,110780.0,252.8216
2025-09-04 05:15:00,110780.0,110817.11,110612.09,110801.99,281.01392
2025-09-04 05:30:00,110802.0,110872.0,110569.36,110619.01,402.54797
2025-09-04 05:45:00,110619.0,110693.8,110590.87,110653.07,227.30026
2025-09-04 06:00:00,110653.08,110729.0,110566.41,110662.78,119.6174
2025-09-04 06:15:00,110662.79,110662.79,110384.61,110527.02,143.85399
2025-09-04 06:30:00,110527.02,110527.02,110366.38,110413.73,99.60815
2025-09-04 06:45:00,110413.73,110506.32,110279.68,110393.95,76.6736
2025-09-04 07:00:00,110393.95,110580.31,110359.17,110568.48,132.74727
2025-09-04 07:15:00,110568.48,110642.19,110361.24,110441.24,90.17039
2025-09-04 07:30:00,110441.24,110459.84,110343.72,110369.64,71.46304
2025-09-04 07:45:00,110369.63,110528.72,110369.63,110463.36,63.18018
2025-09-04 08:00:00,110463.36,110717.34,110415.72,110660.57,122.45492
2025-09-04 08:15:00,110660.57,110798.99,110600.03,110796.7,95.18582
2025-09-04 08:30:00,110796.7,110858.6,110642.3,110720.01,88.23243
2025-09-04 08:45:00,110720.01,110720.01,110616.41,110640.97,30.0324
2025-09-04 09:00:00,110640.96,110856.63,110640.96,110831.99,62.86574
2025-09-04 09:15:00,110832.0,110851.29,110780.0,110808.36,64.73732
2025-09-04 09:30:00,110808.36,110853.26,110761.92,110780.31,45.49273
2025-09-04 09:45:00,110780.32,110815.05,110736.34,110815.04,42.13799
2025-09-04 10:00:00,110815.05,111154.93,110772.34,111018.91,116.7647
2025-09-04 10:15:00,111018.92,111037.37,110880.0,110880.86,64.9725
2025-09-04 10:30:00,110880.85,111017.8,110866.35,110920.22,65.32282
2025-09-04 10:45:00,110920.22,110929.14,110628.85,110628.86,71.51502
2025-09-04 11:00:00,110628.86,110976.75,110546.48,110976.75,142.99732
2025-09-04 11:15:00,110976.75,111054.69,110799.12,110912.25,98.94319
2025-09-04 11:30:00,110912.26,110995.33,110896.01,110982.0,37.38998
2025-09-04 11:45:00,110982.01,111011.1,110800.0,110810.0,101.95638
2025-09-04 12:00:00,110810.0,111017.8,110768.33,111017.8,79.72919
2025-09-04 12:15:00,111017.8,111123.99,110848.81,110899.99,89.29399
2025-09-04 12:30:00,110899.99,111029.44,110532.73,110621.64,179.39596
2025-09-04 12:45:00,110621.63,110977.59,110621.63,110933.94,83.77263
2025-09-04 13:00:00,110933.94,110970.0,110771.84,110771.85,64.87074
2025-09-04 13:15:00,110771.85,110917.46,110707.05,110775.18,119.34033
2025-09-04 13:30:00,110775.17,110884.92,110431.26,110576.35,188.09315
2025-09-04 13:45:00,110576.35,110600.65,110217.13,110464.0,230.04708
2025-09-04 14:00:00,110463.99,110523.98,109730.91,109810.2,509.54148
2025-09-04 14:15:00,109810.2,110028.0,109705.48,109946.28,259.87928
2025-09-04 14:30:00,109946.28,110219.99,109904.0,110100.82,185.92611
2025-09-04 14:45:00,110100.82,110190.85,109839.74,109842.01,151.88255
2025-09-04 15:00:00,109842.01,109862.94,109400.0,109460.0,412.95116
2025-09-04 15:15:00,109460.0,109591.89,109329.12,109514.04,249.31701
2025-09-04 15:30:00,109514.04,109580.0,109373.61,109456.02,141.29853
2025-09-04 15:45:00,109456.02,109649.5,109452.44,109510.31,112.61143
2025-09-04 16:00:00,109510.32,109688.0,109450.0,109644.94,154.87654
2025-09-04 16:15:00,109644.93,109660.0,109400.02,109409.85,149.57123
2025-09-04 16:30:00,109409.85,109591.73,109363.26,109457.62,166.36652
2025-09-04 16:45:00,109457.62,109524.0,109412.28,109438.34,169.92565
2025-09-04 17:00:00,109438.35,109745.74,109428.98,109673.51,221.6024
2025-09-04 17:15:00,109673.5,109892.5,109673.5,109806.01,145.31479
2025-09-04 17:30:00,109806.02,109827.81,109627.41,109627.41,64.77432
2025-09-04 17:45:00,109627.42,109914.01,109612.97,109786.48,63.81017
2025-09-04 18:00:00,109786.48,110218.39,109786.47,110120.54,238.41494
2025-09-04 18:15:00,110120.55,110175.66,109820.0,109907.82,180.5472
2025-09-04 18:30:00,109907.82,110157.36,109699.15,110041.41,149.2068
2025-09-04 18:45:00,110041.41,110145.56,109944.0,109977.0,52.40299
2025-09-04 19:00:00,109977.0,110113.19,109944.0,110077.88,67.79037
2025-09-04 19:15:00,110077.87,110089.57,109914.0,109999.98,52.01488
2025-09-04 19:30:00,109999.98,110042.1,109800.0,109897.0,148.5457
2025-09-04 19:45:00,109896.17,109917.51,109713.31,109799.99,99.47045
2025-09-04 20:00:00,109800.0,110215.05,109755.59,110170.51,116.97586
2025-09-04 20:15:00,110170.52,110409.46,110095.59,110358.12,100.4109
2025-09-04 20:30:00,110358.11,110365.44,110264.66,110302.26,63.41283
2025-09-04 20:45:00,110302.26,110408.02,110269.46,110408.02,115.83405
2025-09-04 21:00:00,110408.01,110475.41,110344.17,110344.17,64.38485
2025-09-04 21:15:00,110344.17,110452.07,110328.96,110419.99,47.29292
2025-09-04 21:30:00,110419.99,110487.77,110401.45,110487.77,24.41047
2025-09-04 21:45:00,110487.77,110545.44,110422.37,110500.0,40.61222
2025-09-04 22:00:00,110500.01,110585.03,110484.95,110552.0,61.60809
2025-09-04 22:15:00,110552.0,110896.9,110526.6,110823.61,127.48318
2025-09-04 22:30:00,110823.6,110958.25,110760.0,110760.0,119.65072
2025-09-04 22:45:00,110760.0,111588.66,110738.7,111490.73,361.09637
2025-09-04 23:00:00,111490.74,111765.31,111345.18,111412.63,410.79599
2025-09-04 23:15:00,111412.63,111439.0,111118.14,111118.15,141.94848
2025-09-04 23:30:00,111118.15,111131.52,110769.23,110814.46,100.1288
2025-09-04 23:45:00,110814.45,110837.02,110605.72,110730.87,95.01573
2025-09-05 00:00:00,110730.87,110806.02,110532.45,110653.66,163.63573
2025-09-05 00:15:00,110653.66,110774.13,110584.61,110695.71,111.57903
2025-09-05 00:30:00,110695.72,110929.3,110641.28,110730.69,97.53131
2025-09-05 00:45:00,110730.7,110730.7,110435.75,110451.62,84.47566
2025-09-05 01:00:00,110451.63,110653.39,110451.63,110592.81,76.6556
2025-09-05 01:15:00,110592.8,110883.95,110506.85,110800.77,108.39111
2025-09-05 01:30:00,110800.77,111017.8,110788.0,111017.8,79.13809
2025-09-05 01:45:00,111017.8,111136.0,110930.11,111121.51,72.56152
2025-09-05 02:00:00,111121.51,111446.49,111040.79,111297.0,162.27303
2025-09-05 02:15:00,111297.01,111458.09,111100.0,111302.68,174.01604
2025-09-05 02:30:00,111302.68,111454.19,111234.74,111355.06,145.08397
2025-09-05 02:45:00,111355.07,111482.09,111340.64,111340.65,125.47964
2025-09-05 03:00:00,111340.64,111340.65,111159.22,111165.06,65.76823
2025-09-05 03:15:00,111165.06,111275.79,111118.14,111131.15,71.29128
2025-09-05 03:30:00,111131.15,111195.55,111096.67,111190.57,69.72008
2025-09-05 03:45:00,111190.57,111318.84,111178.23,111311.77,57.97548
2025-09-05 04:00:00,111311.78,111351.44,111173.31,111173.31,66.66438
2025-09-05 04:15:00,111173.32,111295.94,111144.51,111257.98,42.74329
2025-09-05 04:30:00,111257.99,111412.14,111257.99,111390.09,258.43199
2025-09-05 04:45:00,111390.1,111468.2,111344.0,111445.0,417.82129
2025-09-05 05:00:00,111445.0,111558.0,111407.57,111557.99,89.09007
2025-09-05 05:15:00,111558.0,111578.89,111500.0,111528.94,57.69832
2025-09-05 05:30:00,111528.94,111710.49,111513.24,111635.34,135.17023
2025-09-05 05:45:00,111635.34,111667.41,111519.51,111574.5,83.96506
2025-09-05 06:00:00,111574.51,111600.0,111501.94,111600.0,91.03974
2025-09-05 06:15:00,111599.99,111650.72,111502.05,111543.68,104.00019
2025-09-05 06:30:00,111543.69,111658.63,111543.68,111656.47,96.55019
2025-09-05 06:45:00,111656.47,111914.53,111656.46,111911.99,144.40072
2025-09-05 07:00:00,111912.0,112560.0,111883.49,112345.97,616.64324
2025-09-05 07:15:00,112345.97,112888.0,112334.85,112708.55,584.99305
2025-09-05 07:30:00,112708.55,112872.59,112629.99,112783.59,338.55835
2025-09-05 07:45:00,112783.58,112999.0,112738.18,112954.32,353.4052
2025-09-05 08:00:00,112954.32,112985.0,112766.33,112778.92,257.91426
2025-09-05 08:15:00,112778.92,112880.0,112651.05,112733.6,180.04654
2025-09-05 08:30:00,112733.6,112798.89,112697.39,112724.16,80.1286
2025-09-05 08:45:00,112724.17,112765.47,112605.37,112618.51,94.4567
2025-09-05 09:00:00,112618.51,112619.98,112473.33,112506.01,151.89387
2025-09-05 09:15:00,112506.0,112516.32,112190.48,112215.91,168.65445
2025-09-05 09:30:00,112215.91,112344.24,112131.02,112305.09,207.37681
2025-09-05 09:45:00,112305.09,112399.23,112219.94,112303.87,144.45808
2025-09-05 10:00:00,112303.87,112571.9,112210.83,112233.38,187.88107
2025-09-05 10:15:00,112233.38,112285.44,112191.4,112270.0,67.36742
2025-09-05 10:30:00,112269.99,112417.88,112269.99,112386.03,115.41264
2025-09-05 10:45:00,112386.03,112386.03,112256.36,112256.36,30.73532
2025-09-05 11:00:00,112256.36,112439.36,112182.84,112182.85,110.16059
2025-09-05 11:15:00,112182.86,112354.15,112138.15,112347.17,59.26198
2025-09-05 11:30:00,112347.17,112378.12,112280.75,112336.79,52.42016
2025-09-05 11:45:00,112336.79,112360.27,112286.48,112354.0,48.66035
2025-09-05 12:00:00,112354.0,112486.0,112254.66,112362.52,119.09597
2025-09-05 12:15:00,112362.52,112687.2,112362.52,112611.26,191.68958
2025-09-05 12:30:00,112611.27,113350.0,112040.0,112668.44,2208.59047
2025-09-05 12:45:00,112670.01,113384.62,112549.88,113214.78,382.67376
2025-09-05 13:00:00,113214.78,113278.81,112870.78,113048.51,413.38453
2025-09-05 13:15:00,113048.5,113099.99,112897.31,112942.01,211.23366
2025-09-05 13:30:00,112942.01,113225.38,112706.71,113008.21,535.2396
2025-09-05 13:45:00,113008.21,113310.01,112795.62,113084.16,934.05153
2025-09-05 14:00:00,113084.16,113084.16,112178.13,112235.56,797.4674
2025-09-05 14:15:00,112235.55,112264.0,110917.45,110996.0,1394.49296
2025-09-05 14:30:00,110996.0,111118.15,110576.88,110899.99,855.38033
2025-09-05 14:45:00,110900.0,110900.0,110487.65,110569.99,546.53797
2025-09-05 15:00:00,110569.99,110716.0,110286.91,110618.64,590.89979
2025-09-05 15:15:00,110618.64,110992.0,110618.64,110884.89,294.48514
2025-09-05 15:30:00,110884.88,111017.8,110666.0,111002.57,184.61854
2025-09-05 15:45:00,111002.57,111002.57,110682.65,110716.82,146.04864
2025-09-05 16:00:00,110716.82,110800.02,110537.99,110789.73,169.89226
2025-09-05 16:15:00,110789.73,110801.0,110550.03,110725.1,117.8522
2025-09-05 16:30:00,110725.1,110877.54,110700.0,110867.3,75.77145
2025-09-05 16:45:00,110867.3,110929.3,110689.75,110815.4,87.25301
2025-09-05 17:00:00,110815.4,110815.4,110535.35,110696.4,111.31343
2025-09-05 17:15:00,110696.4,110799.99,110674.5,110679.15,95.41374
2025-09-05 17:30:00,110679.14,110686.77,110206.96,110359.69,252.8538
2025-09-05 17:45:00,110359.68,110615.37,110323.35,110608.18,102.0605
2025-09-05 18:00:00,110608.19,110817.11,110569.43,110733.33,131.10374
2025-09-05 18:15:00,110733.33,111060.0,110733.33,111056.01,115.71782
2025-09-05 18:30:00,111056.02,111271.86,111027.1,111233.7,138.1645
2025-09-05 18:45:00,111233.69,111285.35,111099.48,111198.78,133.34102
2025-09-05 19:00:00,111198.77,111293.24,111125.8,111206.35,121.2638
2025-09-05 19:15:00,111206.34,111394.27,111177.31,111367.22,115.89953
2025-09-05 19:30:00,111367.22,111416.64,111155.19,111348.03,99.07426
2025-09-05 19:45:00,111348.03,111627.51,111334.18,111614.54,300.11913
2025-09-05 20:00:00,111614.54,111679.79,111299.98,111431.33,264.95238
2025-09-05 20:15:00,111431.33,111466.12,111339.41,111379.88,138.24946
2025-09-05 20:30:00,111379.88,111584.0,111302.29,111547.78,103.496
2025-09-05 20:45:00,111547.78,111630.31,111419.17,111630.3,82.2801
2025-09-05 21:00:00,111630.31,111700.0,111190.26,111318.83,158.99238
2025-09-05 21:15:00,111318.84,111341.75,110375.6,110965.16,770.39176
2025-09-05 21:30:00,110965.16,111060.0,110633.91,110847.49,420.40295
2025-09-05 21:45:00,110847.49,110847.49,110605.0,110605.01,116.16877
2025-09-05 22:00:00,110605.01,110690.0,110500.0,110602.33,134.66783
2025-09-05 22:15:00,110602.33,110688.59,110602.32,110679.98,37.49452
2025-09-05 22:30:00,110679.98,110917.46,110679.97,110898.44,66.28089
2025-09-05 22:45:00,110898.45,110910.78,110800.0,110800.0,39.63234
2025-09-05 23:00:00,110800.01,110859.49,110761.18,110770.15,29.44986
2025-09-05 23:15:00,110770.14,110820.0,110712.81,110733.12,35.74713
2025-09-05 23:30:00,110733.12,110749.38,110692.78,110739.99,38.29996
2025-09-05 23:45:00,110740.0,110740.0,110594.79,110659.99,74.33854
2025-09-06 00:00:00,110660.0,110692.17,110577.08,110692.17,79.0557
2025-09-06 00:15:00,110692.16,110716.77,110552.56,110677.98,33.70737
2025-09-06 00:30:00,110677.98,110829.15,110676.07,110793.0,62.97735
2025-09-06 00:45:00,110793.0,110833.32,110759.4,110779.7,59.26059
2025-09-06 01:00:00,110779.7,110852.55,110744.08,110842.94,51.05358
2025-09-06 01:15:00,110842.95,110859.78,110762.89,110803.2,34.26955
2025-09-06 01:30:00,110803.21,110883.1,110782.52,110870.52,61.81538
2025-09-06 01:45:00,110870.52,110917.46,110860.0,110867.7,39.17603
2025-09-06 02:00:00,110867.71,110910.0,110792.64,110799.5,30.17187
2025-09-06 02:15:00,110799.5,110821.91,110733.11,110741.99,25.59532
2025-09-06 02:30:00,110742.0,110899.76,110741.99,110899.76,37.68013
2025-09-06 02:45:00,110899.76,111216.25,110899.75,111216.15,90.65435
2025-09-06 03:00:00,111216.14,111216.14,111111.0,111120.25,40.70147
2025-09-06 03:15:00,111120.25,111307.7,111109.39,111250.01,69.44248
2025-09-06 03:30:00,111250.01,111250.01,111000.12,111073.6,59.17721
2025-09-06 03:45:00,111073.6,111082.23,111028.9,111082.22,25.4438
2025-09-06 04:00:00,111082.23,111082.23,110819.7,110887.74,218.22284
2025-09-06 04:15:00,110887.74,110887.74,110783.7,110817.99,56.15914
2025-09-06 04:30:00,110817.99,110869.52,110783.7,110852.01,32.37541
2025-09-06 04:45:00,110852.01,110970.49,110852.0,110876.12,46.87481
2025-09-06 05:00:00,110876.12,110876.13,110773.66,110847.96,43.35949
2025-09-06 05:15:00,110847.97,110847.97,110704.62,110740.0,48.36938
2025-09-06 05:30:00,110740.0,110817.11,110687.69,110766.0,27.79643
2025-09-06 05:45:00,110766.01,110766.01,110699.0,110714.0,32.14356
2025-09-06 06:00:00,110714.0,110732.0,110714.0,110716.01,18.84321
2025-09-06 06:15:00,110716.01,110787.12,110716.0,110787.12,25.2005
2025-09-06 06:30:00,110787.11,110817.11,110761.99,110761.99,24.60629
2025-09-06 06:45:00,110762.0,110795.31,110752.83,110752.83,27.59087
2025-09-06 07:00:00,110752.84,110800.0,110750.64,110797.02,21.97723
2025-09-06 07:15:00,110797.02,110817.0,110797.01,110816.99,19.26757
2025-09-06 07:30:00,110817.0,110817.11,110803.0,110817.1,20.88258
2025-09-06 07:45:00,110817.1,110829.15,110800.0,110825.6,24.31475
2025-09-06 08:00:00,110825.59,110834.01,110774.46,110801.61,20.36976
2025-09-06 08:15:00,110801.61,110801.61,110784.0,110784.01,11.36868
2025-09-06 08:30:00,110784.01,110898.0,110784.0,110898.0,25.67722
2025-09-06 08:45:00,110898.0,110968.0,110897.99,110952.76,33.69389
2025-09-06 09:00:00,110952.77,110952.77,110720.56,110722.01,69.34833
2025-09-06 09:15:00,110722.01,110747.72,110698.94,110698.94,71.0866
2025-09-06 09:30:00,110698.94,110810.69,110698.94,110810.68,19.79189
2025-09-06 09:45:00,110810.69,110825.93,110693.86,110695.06,33.51992
2025-09-06 10:00:00,110695.06,110804.62,110677.3,110768.0,51.71132
2025-09-06 10:15:00,110768.0,110768.0,110708.27,110740.0,24.71036
2025-09-06 10:30:00,110740.0,110763.54,110715.99,110758.77,40.44975
2025-09-06 10:45:00,110758.76,110773.62,110720.0,110773.62,40.62606
2025-09-06 11:00:00,110773.62,110773.62,110712.55,110740.01,50.91759
2025-09-06 11:15:00,110740.0,110740.0,110675.58,110675.59,33.52107
2025-09-06 11:30:00,110675.58,110735.56,110675.58,110720.86,45.982
2025-09-06 11:45:00,110720.86,110868.8,110720.85,110781.02,49.12767
2025-09-06 12:00:00,110781.03,110874.13,110753.97,110856.3,63.12296
2025-09-06 12:15:00,110856.31,110859.99,110787.75,110787.75,21.12141
2025-09-06 12:30:00,110787.76,110833.32,110757.83,110832.68,51.92158
2025-09-06 12:45:00,110832.68,110898.7,110832.58,110832.58,22.60396
2025-09-06 13:00:00,110832.59,110897.99,110822.0,110897.98,26.73041
2025-09-06 13:15:00,110897.99,110917.46,110865.14,110898.78,21.11129
2025-09-06 13:30:00,110898.78,110898.78,110842.94,110890.14,40.89933
2025-09-06 13:45:00,110890.15,110947.91,110828.28,110936.82,65.91716
2025-09-06 14:00:00,110936.82,110999.83,110896.59,110898.94,54.30996
2025-09-06 14:15:00,110898.95,110928.97,110880.7,110896.1,29.41603
2025-09-06 14:30:00,110896.09,110896.1,110829.14,110879.65,31.24343
2025-09-06 14:45:00,110879.64,110879.65,110781.96,110807.77,29.74688
2025-09-06 15:00:00,110807.78,110840.0,110700.0,110700.01,57.59128
2025-09-06 15:15:00,110700.01,110775.3,110694.56,110756.33,46.20316
2025-09-06 15:30:00,110756.34,110784.44,110583.46,110609.07,118.9013
2025-09-06 15:45:00,110609.07,110609.07,110358.11,110384.15,205.16928
2025-09-06 16:00:00,110384.16,110402.0,110117.65,110314.99,284.39729
2025-09-06 16:15:00,110314.99,110320.0,109977.0,110215.04,386.85748
2025-09-06 16:30:00,110215.04,110293.83,110151.84,110223.71,87.56342
2025-09-06 16:45:00,110223.72,110303.2,110040.0,110267.99,118.14125
2025-09-06 17:00:00,110267.99,110275.5,110171.18,110217.58,56.71008
2025-09-06 17:15:00,110217.58,110254.67,110145.0,110145.0,45.7702
2025-09-06 17:30:00,110145.0,110215.04,110000.0,110000.01,59.76738
2025-09-06 17:45:00,110000.01,110160.0,110000.0,110157.41,39.96104
2025-09-06 18:00:00,110157.41,110228.29,110110.81,110228.29,44.06351
2025-09-06 18:15:00,110228.29,110250.0,110184.89,110203.84,41.06958
2025-09-06 18:30:00,110203.85,110203.85,110087.91,110087.91,35.61994
2025-09-06 18:45:00,110087.92,110285.65,110056.29,110228.0,40.20942
2025-09-06 19:00:00,110228.01,110260.0,110168.25,110168.25,45.63566
2025-09-06 19:15:00,110168.26,110231.05,110128.2,110160.0,27.64143
2025-09-06 19:30:00,110160.01,110179.86,110052.0,110052.0,36.36952
2025-09-06 19:45:00,110052.01,110085.2,110000.0,110038.41,41.88339
2025-09-06 20:00:00,110038.42,110068.59,110034.44,110068.58,27.10319
2025-09-06 20:15:00,110068.58,110088.37,110044.51,110072.67,54.96832
2025-09-06 20:30:00,110072.67,110128.14,110059.25,110128.13,29.16365
2025-09-06 20:45:00,110128.14,110167.01,110107.11,110167.0,28.85504
2025-09-06 21:00:00,110167.01,110200.4,110149.15,110200.33,49.77579
2025-09-06 21:15:00,110200.32,110215.03,110171.39,110173.88,38.17053
2025-09-06 21:30:00,110173.88,110173.89,110093.14,110165.24,37.22935
2025-09-06 21:45:00,110165.25,110205.82,110165.24,110201.0,43.25945
2025-09-06 22:00:00,110200.99,110238.12,110173.38,110204.55,61.38506
2025-09-06 22:15:00,110204.56,110215.16,110174.19,110174.2,22.55723
2025-09-06 22:30:00,110174.2,110174.2,110074.95,110123.08,39.72294
2025-09-06 22:45:00,110123.07,110177.55,110097.17,110170.55,35.50742
2025-09-06 23:00:00,110170.54,110173.59,110113.96,110173.59,28.23522
2025-09-06 23:15:00,110173.58,110282.82,110147.34,110264.0,54.01743
2025-09-06 23:30:00,110263.99,110264.0,110232.0,110232.0,31.22138
2025-09-06 23:45:00,110232.0,110232.01,110184.0,110187.97,31.38861
2025-09-07 00:00:00,110187.98,110254.63,110180.0,110254.62,101.26194
2025-09-07 00:15:00,110254.62,110254.63,110240.65,110240.65,47.50636
2025-09-07 00:30:00,110240.65,110292.19,110207.24,110292.19,49.90452
2025-09-07 00:45:00,110292.19,110367.37,110281.99,110356.75,75.44796
2025-09-07 01:00:00,110356.74,110470.95,110332.81,110393.84,60.86243
2025-09-07 01:15:00,110393.83,110538.28,110349.37,110498.79,88.90341
2025-09-07 01:30:00,110498.79,110521.47,110462.01,110498.63,45.38719
2025-09-07 01:45:00,110498.63,110587.86,110498.63,110546.66,56.6138
2025-09-07 02:00:00,110546.66,110546.66,110474.81,110529.57,89.97491
2025-09-07 02:15:00,110529.57,110529.57,110444.43,110519.88,32.31621
2025-09-07 02:30:00,110519.87,110539.99,110500.74,110500.75,47.26222
2025-09-07 02:45:00,110500.74,110692.52,110500.74,110666.24,61.64744
2025-09-07 03:00:00,110666.24,110691.99,110596.71,110596.72,63.73046
2025-09-07 03:15:00,110596.72,110728.0,110596.71,110709.99,56.68699
2025-09-07 03:30:00,110710.0,110733.12,110623.29,110623.3,46.70798
2025-09-07 03:45:00,110623.3,110634.1,110603.99,110629.15,24.4241
2025-09-07 04:00:00,110629.15,110638.0,110510.66,110522.93,51.23176
2025-09-07 04:15:00,110522.93,110579.72,110522.92,110545.82,28.80058
2025-09-07 04:30:00,110545.82,110545.82,110489.96,110489.96,30.29671
2025-09-07 04:45:00,110489.97,110557.77,110489.96,110557.76,30.10493
2025-09-07 05:00:00,110557.77,110687.03,110557.76,110649.51,44.75027
2025-09-07 05:15:00,110649.52,110695.98,110623.29,110695.97,47.58991
2025-09-07 05:30:00,110695.98,110699.0,110654.57,110671.01,38.91642
2025-09-07 05:45:00,110671.01,110671.01,110634.52,110649.44,32.31742
2025-09-07 06:00:00,110649.45,110665.35,110578.3,110585.23,45.74898
2025-09-07 06:15:00,110585.23,110598.5,110571.71,110571.71,40.5203
2025-09-07 06:30:00,110571.72,110595.82,110520.0,110534.05,45.24633
2025-09-07 06:45:00,110534.06,110560.0,110472.33,110504.15,64.20101
2025-09-07 07:00:00,110504.14,110539.96,110463.1,110510.98,33.52179
2025-09-07 07:15:00,110510.99,110696.0,110463.1,110666.4,61.20353
2025-09-07 07:30:00,110666.41,110849.97,110666.41,110802.44,197.58458
2025-09-07 07:45:00,110802.45,110911.42,110683.42,110753.42,80.71259
2025-09-07 08:00:00,110753.41,110857.98,110720.01,110831.26,97.2403
2025-09-07 08:15:00,110831.26,111303.42,110831.26,111235.81,217.70081
2025-09-07 08:30:00,111235.8,111377.19,111146.73,111188.26,150.34467
2025-09-07 08:45:00,111188.26,111188.26,111056.56,111071.25,58.97306
2025-09-07 09:00:00,111071.25,111218.49,111028.37,111208.01,101.55431
2025-09-07 09:15:00,111208.0,111248.2,111155.32,111172.24,71.4504
2025-09-07 09:30:00,111172.25,111172.25,110946.04,110985.63,50.24076
2025-09-07 09:45:00,110985.62,111159.37,110876.88,111115.98,82.39228
2025-09-07 10:00:00,111115.99,111196.51,111081.99,111188.8,24.29768
2025-09-07 10:15:00,111188.79,111188.8,111041.87,111041.87,40.08771
2025-09-07 10:30:00,111041.88,111170.46,111041.87,111170.45,40.3191
2025-09-07 10:45:00,111170.45,111237.97,111120.0,111225.02,48.10935
2025-09-07 11:00:00,111225.03,111289.96,111207.6,111254.47,53.90535
2025-09-07 11:15:00,111254.48,111286.03,111248.0,111268.73,32.14364
2025-09-07 11:30:00,111268.73,111283.9,111189.75,111276.05,62.44471
2025-09-07 11:45:00,111276.04,111292.13,111220.79,111292.13,83.20893
2025-09-07 12:00:00,111292.12,111292.13,111122.41,111158.68,61.84604
2025-09-07 12:15:00,111158.68,111158.69,111073.17,111129.31,38.97776
2025-09-07 12:30:00,111129.31,111224.86,111129.31,111160.15,33.22236
2025-09-07 12:45:00,111160.15,111160.16,111084.0,111115.92,37.85254
2025-09-07 13:00:00,111115.92,111115.93,111073.47,111073.47,25.21597
2025-09-07 13:15:00,111073.47,111103.83,111042.6,111103.82,47.09025
2025-09-07 13:30:00,111103.82,111229.73,111103.82,111194.29,51.71164
2025-09-07 13:45:00,111194.3,111231.6,111151.0,111214.62,35.75319
2025-09-07 14:00:00,111214.63,111412.0,111118.14,111157.99,148.47953
2025-09-07 14:15:00,111158.0,111206.37,111059.57,111143.91,52.22802
2025-09-07 14:30:00,111143.9,111264.02,111142.43,111249.6,52.19393
2025-09-07 14:45:00,111249.6,111249.61,111106.08,111145.59,84.74129
2025-09-07 15:00:00,111145.59,111200.0,111120.56,111160.39,27.56473
2025-09-07 15:15:00,111160.4,111329.87,111160.39,111311.83,46.66399
2025-09-07 15:30:00,111311.83,111373.43,111304.65,111320.0,56.23681
2025-09-07 15:45:00,111320.0,111330.0,111260.02,111329.99,37.7458
2025-09-07 16:00:00,111329.99,111371.35,111229.72,111257.95,98.71714
2025-09-07 16:15:00,111257.96,111293.05,111205.0,111216.01,34.24122
2025-09-07 16:30:00,111216.01,111246.2,111152.15,111245.12,68.27692
2025-09-07 16:45:00,111245.12,111274.45,111200.0,111202.02,22.67369
2025-09-07 17:00:00,111202.02,111237.86,111079.66,111079.67,58.16609
2025-09-07 17:15:00,111079.66,111100.0,110917.45,110966.12,103.96943
2025-09-07 17:30:00,110966.12,111117.81,110888.07,111105.51,95.85152
2025-09-07 17:45:00,111105.52,111105.52,110960.6,110962.83,68.83499
2025-09-07 18:00:00,110962.84,111032.77,110946.03,110999.3,52.37396
2025-09-07 18:15:00,110999.31,111041.53,110944.99,110955.04,53.27867
2025-09-07 18:30:00,110955.04,110969.95,110861.2,110932.85,53.62074
2025-09-07 18:45:00,110932.85,111063.0,110919.41,111053.76,60.52786
2025-09-07 19:00:00,111053.77,111218.49,111053.76,111056.65,51.03124
2025-09-07 19:15:00,111056.65,111166.64,111049.05,111132.89,35.67992
2025-09-07 19:30:00,111132.89,111293.99,111125.38,111236.0,34.46744
2025-09-07 19:45:00,111236.0,111260.0,111178.0,111259.99,48.77443
2025-09-07 20:00:00,111259.99,111343.46,111162.98,111162.99,70.03083
2025-09-07 20:15:00,111162.99,111279.97,111162.45,111213.55,34.08331
2025-09-07 20:30:00,111213.56,111213.56,111147.25,111181.9,19.35172
2025-09-07 20:45:00,111181.89,111371.26,111181.38,111330.3,55.52818
2025-09-07 21:00:00,111330.31,111330.31,111241.55,111241.56,31.60875
2025-09-07 21:15:00,111241.56,111241.56,111180.73,111180.73,14.08638
2025-09-07 21:30:00,111180.74,111204.23,111131.24,111131.25,27.34795
2025-09-07 21:45:00,111131.25,111131.25,111050.14,111050.14,9.94814
2025-09-07 22:00:00,111050.14,111190.0,111001.45,111189.99,113.05483
2025-09-07 22:15:00,111190.0,111327.5,111136.26,111327.5,37.77428
2025-09-07 22:30:00,111327.5,111364.4,111083.17,111208.98,58.36562
2025-09-07 22:45:00,111208.98,111274.02,111170.25,111250.01,61.75724
2025-09-07 23:00:00,111250.01,111329.87,111250.0,111281.58,39.74347
2025-09-07 23:15:00,111281.59,111600.0,111260.0,111464.51,113.3745
2025-09-07 23:30:00,111464.5,111496.73,111358.38,111405.83,69.21598
2025-09-07 23:45:00,111405.83,111415.98,111076.92,111137.34,112.22106
2025-09-08 00:00:00,111137.35,111178.74,111029.43,111116.0,93.59586
2025-09-08 00:15:00,111116.01,111244.0,110978.42,111231.32,97.6098
2025-09-08 00:30:00,111231.32,111293.26,111019.39,111184.06,163.86274
2025-09-08 00:45:00,111184.07,111184.07,110733.71,110837.96,198.47708
2025-09-08 01:00:00,110837.95,110928.0,110731.71,110871.59,99.00494
2025-09-08 01:15:00,110871.6,110917.46,110783.77,110803.86,81.83792
2025-09-08 01:30:00,110803.86,110994.58,110777.0,110869.54,115.16163
2025-09-08 01:45:00,110869.54,110944.42,110833.86,110890.57,56.24689
2025-09-08 02:00:00,110890.58,110923.63,110769.14,110899.35,58.60205
2025-09-08 02:15:00,110899.35,110929.3,110621.78,110863.14,85.31159
2025-09-08 02:30:00,110863.13,111372.0,110837.25,111188.61,146.90749
2025-09-08 02:45:00,111188.61,111240.0,111103.03,111240.0,73.28767
2025-09-08 03:00:00,111239.99,111349.24,111153.91,111237.98,153.39384
2025-09-08 03:15:00,111237.98,111251.38,111029.43,111142.99,100.03092
2025-09-08 03:30:00,111143.0,111346.09,111129.57,111160.01,118.69981
2025-09-08 03:45:00,111160.01,111160.01,111026.91,111052.11,59.44062
2025-09-08 04:00:00,111052.11,111118.15,110950.0,111067.26,179.95695
2025-09-08 04:15:00,111067.26,111135.77,111045.53,111135.76,37.91127
2025-09-08 04:30:00,111135.76,111218.49,110963.76,110994.55,62.9401
2025-09-08 04:45:00,110994.56,111017.36,110929.3,110979.35,37.67529
2025-09-08 05:00:00,110979.35,111002.11,110930.95,110962.9,44.68103
2025-09-08 05:15:00,110962.9,111061.05,110929.29,110950.04,36.00075
2025-09-08 05:30:00,110950.04,110958.34,110899.69,110913.32,55.3788
2025-09-08 05:45:00,110913.32,111045.96,110913.32,111027.16,53.19607
2025-09-08 06:00:00,111027.15,111065.71,110917.45,110938.02,42.03452
2025-09-08 06:15:00,110938.03,111197.86,110938.02,111153.64,49.3049
2025-09-08 06:30:00,111153.65,111185.13,111117.98,111165.65,31.00736
2025-09-08 06:45:00,111165.65,111165.66,111109.63,111113.26,34.23489
2025-09-08 07:00:00,111113.26,111271.58,111113.25,111266.1,107.00381
2025-09-08 07:15:00,111266.1,111573.74,111220.0,111502.34,255.671
2025-09-08 07:30:00,111502.34,111609.04,111229.72,111419.17,236.1083
2025-09-08 07:45:00,111419.18,111419.18,111240.0,111280.39,67.02009
2025-09-08 08:00:00,111280.4,111386.74,111252.9,111266.39,89.79343
2025-09-08 08:15:00,111266.4,111624.08,111260.86,111594.94,111.67069
2025-09-08 08:30:00,111594.94,111830.59,111543.18,111807.35,388.34257
2025-09-08 08:45:00,111807.36,111910.48,111600.0,111684.25,277.28531
2025-09-08 09:00:00,111684.26,112000.0,111591.06,111968.49,187.73673
2025-09-08 09:15:00,111968.5,112062.0,111822.79,111842.98,188.96479
2025-09-08 09:30:00,111842.97,111920.9,111763.44,111878.83,160.46993
2025-09-08 09:45:00,111878.84,112095.0,111878.84,112094.99,158.08222
2025-09-08 10:00:00,112094.99,112121.59,111946.26,111947.9,162.12537
2025-09-08 10:15:00,111947.9,112155.67,111920.89,112146.02,98.33614
2025-09-08 10:30:00,112146.02,112156.99,112049.9,112119.0,178.6224
2025-09-08 10:45:00,112118.99,112186.98,111963.18,112048.0,209.74094
2025-09-08 11:00:00,112048.0,112048.01,111845.37,111880.29,250.80637
2025-09-08 11:15:00,111880.28,111962.77,111811.11,111826.02,88.13122
2025-09-08 11:30:00,111826.01,111918.42,111754.31,111918.41,76.41122
2025-09-08 11:45:00,111918.42,112121.59,111909.35,112052.43,97.16853
2025-09-08 12:00:00,112052.43,112085.56,111936.87,112006.08,100.89488
2025-09-08 12:15:00,112006.07,112027.55,111934.24,111947.4,61.05935
2025-09-08 12:30:00,111947.4,112153.9,111942.1,112065.99,67.63302
2025-09-08 12:45:00,112066.0,112112.15,112016.18,112034.51,63.42468
2025-09-08 13:00:00,112034.5,112370.3,112034.5,112328.0,310.07777
2025-09-08 13:15:00,112328.01,112335.95,112157.22,112196.39,171.78799
2025-09-08 13:30:00,112196.39,112368.54,111963.89,112210.0,205.73165
2025-09-08 13:45:00,112210.0,112314.13,111877.64,111906.55,432.6901
2025-09-08 14:00:00,111906.56,112279.01,111888.0,112134.75,223.31871
2025-09-08 14:15:00,112134.75,112298.92,111948.08,112249.77,144.10309
2025-09-08 14:30:00,112249.77,112779.5,112248.07,112596.37,496.06952
2025-09-08 14:45:00,112596.36,112645.05,112462.04,112645.05,126.46442
2025-09-08 15:00:00,112645.06,112723.02,112600.0,112709.16,148.42286
2025-09-08 15:15:00,112709.16,112924.37,112634.09,112838.03,206.63767
2025-09-08 15:30:00,112838.02,112839.56,112593.49,112645.16,105.36698
2025-09-08 15:45:00,112645.16,112672.32,112526.61,112631.75,154.54079
2025-09-08 16:00:00,112631.74,112652.02,112417.54,112417.57,138.24078
2025-09-08 16:15:00,112417.56,112670.06,112293.18,112642.42,141.84725
2025-09-08 16:30:00,112642.42,112652.28,112312.48,112479.56,142.41585
2025-09-08 16:45:00,112479.56,112479.57,112294.97,112398.0,71.42936
2025-09-08 17:00:00,112398.01,112400.0,112209.17,112330.0,198.03512
2025-09-08 17:15:00,112330.01,112531.6,112330.01,112518.12,86.28
2025-09-08 17:30:00,112518.11,112531.6,112250.97,112250.98,78.9893
2025-09-08 17:45:00,112250.98,112331.32,112075.2,112214.4,97.97453
2025-09-08 18:00:00,112214.41,112304.0,112184.97,112281.99,75.84543
2025-09-08 18:15:00,112281.99,112439.35,112281.99,112385.2,70.60105
2025-09-08 18:30:00,112385.19,112395.06,112257.46,112326.16,73.7167
2025-09-08 18:45:00,112326.17,112515.59,112326.16,112477.01,76.16125
2025-09-08 19:00:00,112477.01,112477.01,112164.35,112228.59,91.07229
2025-09-08 19:15:00,112228.6,112238.81,112150.0,112201.19,82.15658
2025-09-08 19:30:00,112201.18,112239.32,112080.04,112114.95,133.07995
2025-09-08 19:45:00,112114.96,112154.4,111978.67,112097.31,123.96914
2025-09-08 20:00:00,112097.31,112153.07,112048.9,112071.15,58.49476
2025-09-08 20:15:00,112071.14,112071.15,111969.76,112031.5,57.59688
2025-09-08 20:30:00,112031.51,112032.0,111913.03,111913.03,84.03531
2025-09-08 20:45:00,111913.04,112040.03,111896.0,111958.04,88.74931
2025-09-08 21:00:00,111958.04,112142.24,111930.73,112142.23,92.58323
2025-09-08 21:15:00,112142.23,112154.25,112051.6,112103.32,68.38241
2025-09-08 21:30:00,112103.31,112331.32,112103.31,112252.81,83.84628
2025-09-08 21:45:00,112252.8,112326.45,112250.1,112326.45,28.73178
2025-09-08 22:00:00,112326.45,112512.71,112326.45,112443.98,101.83704
2025-09-08 22:15:00,112443.97,112455.34,112315.84,112322.71,58.7488
2025-09-08 22:30:00,112322.71,112396.94,112293.13,112382.0,67.68135
2025-09-08 22:45:00,112382.0,112382.01,112210.91,112236.71,45.95104
2025-09-08 23:00:00,112236.71,112305.03,112211.65,112211.66,40.19194
2025-09-08 23:15:00,112211.65,112280.0,112131.02,112131.03,64.68334
2025-09-08 23:30:00,112131.04,112133.27,112037.0,112037.0,67.45526
2025-09-08 23:45:00,112037.01,112118.58,111989.0,112065.23,118.11148
2025-09-09 00:00:00,112065.23,112104.41,111972.77,112027.42,154.37123
2025-09-09 00:15:00,112027.43,112094.16,111621.0,111665.22,232.40433
2025-09-09 00:30:00,111665.21,111690.5,111555.01,111609.64,163.30526
2025-09-09 00:45:00,111609.65,111820.56,111459.87,111650.03,170.40117
2025-09-09 01:00:00,111650.03,111748.54,111561.04,111565.7,118.40262
2025-09-09 01:15:00,111565.7,111565.71,111258.3,111377.97,163.49228
2025-09-09 01:30:00,111377.97,111492.3,111295.54,111454.28,134.73718
2025-09-09 01:45:00,111454.27,111489.46,111359.66,111364.73,103.88949
2025-09-09 02:00:00,111364.73,111394.82,111200.92,111220.9,129.58119
2025-09-09 02:15:00,111220.9,111329.87,111111.0,111301.23,212.35022
2025-09-09 02:30:00,111301.23,111442.95,111229.29,111384.13,103.23142
2025-09-09 02:45:00,111384.13,111384.13,111218.48,111330.71,90.85762
2025-09-09 03:00:00,111330.72,111487.53,111234.16,111462.76,76.23207
2025-09-09 03:15:00,111462.76,111555.14,111409.32,111555.13,102.87281
2025-09-09 03:30:00,111555.14,111666.0,111483.44,111627.69,66.58542
2025-09-09 03:45:00,111627.69,111740.61,111570.0,111708.0,69.05607
2025-09-09 04:00:00,111708.01,111771.66,111624.12,111750.87,54.72745
2025-09-09 04:15:00,111750.87,112110.99,111750.86,111945.08,189.99018
2025-09-09 04:30:00,111945.08,112017.49,111902.33,111928.9,102.94292
2025-09-09 04:45:00,111928.9,112080.0,111784.36,112024.01,200.76364
2025-09-09 05:00:00,112024.01,112055.84,111859.75,111879.51,82.55581
2025-09-09 05:15:00,111879.52,111960.0,111851.52,111955.71,75.70883
2025-09-09 05:30:00,111955.72,112030.88,111942.24,111981.9,54.93006
2025-09-09 05:45:00,111981.91,112248.84,111981.9,112200.0,85.51092
2025-09-09 06:00:00,112200.01,112770.99,112151.16,112686.44,283.35924
2025-09-09 06:15:00,112686.43,112824.0,112500.16,112622.57,170.772
2025-09-09 06:30:00,112622.58,112890.0,112622.57,112825.71,194.4554
2025-09-09 06:45:00,112825.7,113156.65,112813.25,113022.61,432.13487
2025-09-09 07:00:00,113022.62,113163.64,112966.82,113001.91,337.35054
2025-09-09 07:15:00,113001.9,113250.0,113001.9,113232.0,221.13206
2025-09-09 07:30:00,113232.0,113293.29,112905.81,112905.81,205.07925
2025-09-09 07:45:00,112905.81,113063.44,112753.61,112991.11,215.18123
2025-09-09 08:00:00,112991.11,113113.45,112969.32,113029.65,114.12468
2025-09-09 08:15:00,113029.65,113079.87,112900.0,113079.86,107.76048
2025-09-09 08:30:00,113079.87,113176.51,113007.96,113040.12,153.76258
2025-09-09 08:45:00,113040.11,113040.12,112886.93,112992.69,148.70394
2025-09-09 09:00:00,112992.69,113000.0,112920.87,112939.94,96.66371
2025-09-09 09:15:00,112939.95,113057.99,112939.94,113000.0,100.40272
2025-09-09 09:30:00,112999.99,113000.0,112919.6,112937.61,57.70485
2025-09-09 09:45:00,112937.61,112990.0,112900.0,112966.54,112.66556
2025-09-09 10:00:00,112966.54,113040.0,112941.99,112981.53,94.04635
2025-09-09 10:15:00,112981.54,112999.1,112645.59,112698.72,133.4276
2025-09-09 10:30:00,112698.73,112908.99,112635.38,112824.04,261.5064
2025-09-09 10:45:00,112824.05,112824.05,112640.0,112732.62,142.95386
2025-09-09 11:00:00,112732.62,112800.0,112699.99,112751.97,86.17829
2025-09-09 11:15:00,112751.97,112751.97,112637.56,112697.61,97.92932
2025-09-09 11:30:00,112697.62,112697.62,112555.48,112593.22,45.96727
2025-09-09 11:45:00,112593.23,112644.98,112403.91,112433.59,95.12261
2025-09-09 12:00:00,112433.59,112761.65,112393.4,112723.3,123.16495
2025-09-09 12:15:00,112723.31,112824.0,112680.54,112782.93,96.30615
2025-09-09 12:30:00,112782.93,112816.88,112581.06,112613.22,93.31317
2025-09-09 12:45:00,112613.21,112714.96,112572.52,112671.76,84.29918
2025-09-09 13:00:00,112671.76,112763.16,112470.18,112763.16,137.94274
2025-09-09 13:15:00,112763.15,112832.04,112560.0,112809.3,138.18291
2025-09-09 13:30:00,112809.06,112932.18,112658.5,112876.0,216.37153
2025-09-09 13:45:00,112875.99,112932.18,112684.0,112760.58,164.11621
2025-09-09 14:00:00,112760.58,112950.0,112010.0,112433.68,795.21215
2025-09-09 14:15:00,112433.69,112448.54,112178.35,112320.24,310.82846
2025-09-09 14:30:00,112320.23,112320.23,111535.67,111570.68,576.30269
2025-09-09 14:45:00,111570.67,111900.63,111511.11,111767.45,276.16235
2025-09-09 15:00:00,111767.45,111847.23,111300.0,111395.27,273.06669
2025-09-09 15:15:00,111395.26,111554.69,111300.0,111303.84,373.87877
2025-09-09 15:30:00,111303.83,111303.84,110801.52,110801.52,712.93408
2025-09-09 15:45:00,110801.53,111049.95,110766.66,110880.76,290.05038
2025-09-09 16:00:00,110880.76,111124.46,110817.1,111115.26,359.46095
2025-09-09 16:15:00,111115.26,111148.17,110788.0,110950.74,302.31582
2025-09-09 16:30:00,110950.74,111058.5,110950.73,110986.69,94.19479
2025-09-09 16:45:00,110986.69,110992.64,110929.29,110975.99,52.65336
2025-09-09 17:00:00,110975.99,111193.39,110960.0,111047.22,107.47725
2025-09-09 17:15:00,111047.22,111087.31,110898.28,110926.5,128.20067
2025-09-09 17:30:00,110926.51,111095.38,110902.08,111095.37,84.91869
2025-09-09 17:45:00,111095.38,111143.04,111000.01,111025.44,219.16156
2025-09-09 18:00:00,111025.43,111103.31,110900.02,111103.31,175.40173
2025-09-09 18:15:00,111103.31,111298.16,111103.3,111185.06,148.63267
2025-09-09 18:30:00,111185.07,111185.07,111049.51,111088.85,95.24942
2025-09-09 18:45:00,111088.86,111200.0,111085.23,111131.92,76.33658
2025-09-09 19:00:00,111131.92,111277.26,111124.17,111250.18,84.58212
2025-09-09 19:15:00,111250.17,111269.71,111195.77,111257.8,40.2403
2025-09-09 19:30:00,111257.81,111354.65,111257.8,111289.42,65.33593
2025-09-09 19:45:00,111289.42,111388.04,111289.41,111301.53,87.33343
2025-09-09 20:00:00,111301.53,111352.47,111209.72,111209.72,224.56475
2025-09-09 20:15:00,111209.72,111238.53,111090.07,111145.71,210.30483
2025-09-09 20:30:00,111145.71,111247.81,111099.35,111180.83,206.65425
2025-09-09 20:45:00,111180.83,111530.16,111171.57,111530.16,119.50606
2025-09-09 21:00:00,111530.15,111745.69,111420.01,111663.66,151.13372
