begin,open,close,high,low,value,volume,end
2025-10-05 09:50:00,280.4,280.4,280.4,280.4,1689129.5999999975,6024,2025-10-05 09:59:59
2025-10-05 10:00:00,280.4,279.84,280.64,279.61,22106195.46,78922,2025-10-05 10:09:59
2025-10-05 10:10:00,279.84,279.66,279.84,279.14,58385569.54000002,208983,2025-10-05 10:19:59
2025-10-05 10:20:00,279.61,279.89,279.97,279.56,14158784.76,50622,2025-10-05 10:29:59
2025-10-05 10:30:00,279.89,279.58,279.89,279.43,28545378.459999975,102091,2025-10-05 10:39:59
2025-10-05 10:40:00,279.59,279.65,279.69,279.34,19113493.63,68384,2025-10-05 10:49:59
2025-10-05 10:50:00,279.64,279.7,279.78,279.61,6684935.9,23900,2025-10-05 10:59:59
2025-10-05 11:00:00,279.65,279.5,279.69,279.4,17216126.900000002,61588,2025-10-05 11:09:59
2025-10-05 11:10:00,279.5,279.68,279.76,279.43,17800459.439999998,63665,2025-10-05 11:19:59
2025-10-05 11:20:00,279.68,279.89,280.06,279.55,20011537.040000003,71507,2025-10-05 11:29:59
2025-10-05 11:30:00,279.87,279.95,280.04,279.84,7644498.759999999,27311,2025-10-05 11:39:59
2025-10-05 11:40:00,280.0,280.14,280.2,280.0,9525834.880000003,34009,2025-10-05 11:49:59
2025-10-05 11:50:00,280.14,280.25,280.33,280.13,8300750.38,29625,2025-10-05 11:59:59
2025-10-05 12:00:00,280.24,280.29,280.31,280.2,2912606.7199999997,10393,2025-10-05 12:09:59
2025-10-05 12:10:00,280.29,280.3,280.37,280.25,4959966.14,17695,2025-10-05 12:19:59
2025-10-05 12:20:00,280.3,280.2,280.3,280.18,5581385.01,19916,2025-10-05 12:29:59
2025-10-05 12:30:00,280.2,280.08,280.22,280.04,4504654.290000002,16081,2025-10-05 12:39:59
2025-10-05 12:40:00,280.08,280.21,280.22,280.05,3386002.159999999,12087,2025-10-05 12:49:59
2025-10-05 12:50:00,280.22,280.23,280.28,280.17,2248727.09,8025,2025-10-05 12:59:59
2025-10-05 13:00:00,280.22,280.1,280.25,280.1,5249837.0200000005,18737,2025-10-05 13:09:59
2025-10-05 13:10:00,280.14,280.21,280.25,280.1,1012027.5399999999,3612,2025-10-05 13:19:59
2025-10-05 13:20:00,280.21,280.17,280.23,280.1,4602299.319999998,16426,2025-10-05 13:29:59
2025-10-05 13:30:00,280.17,280.27,280.27,280.02,8388194.0699999975,29944,2025-10-05 13:39:59
2025-10-05 13:40:00,280.27,280.38,280.38,280.18,10605456.140000002,37844,2025-10-05 13:49:59
2025-10-05 13:50:00,280.38,280.51,280.53,280.37,13824142.65,49289,2025-10-05 13:59:59
2025-10-05 14:00:00,280.52,280.5,280.81,280.5,16294293.899999991,58055,2025-10-05 14:09:59
2025-10-05 14:10:00,280.5,280.9,280.91,280.47,13935656.38,49648,2025-10-05 14:19:59
2025-10-05 14:20:00,280.91,281.27,281.27,280.81,29906211.850000005,106397,2025-10-05 14:29:59
2025-10-05 14:30:00,281.27,281.02,281.29,281.0,15864162.270000001,56415,2025-10-05 14:39:59
2025-10-05 14:40:00,281.01,280.9,281.17,280.9,21220980.1,75507,2025-10-05 14:49:59
2025-10-05 14:50:00,280.9,280.9,280.95,280.76,5009738.470000001,17837,2025-10-05 14:59:59
2025-10-05 15:00:00,280.89,280.89,280.92,280.8,10156775.58,36161,2025-10-05 15:09:59
2025-10-05 15:10:00,280.86,280.65,280.86,280.61,4917062.6400000015,17515,2025-10-05 15:19:59
2025-10-05 15:20:00,280.62,280.54,280.83,280.5,4282251.149999999,15259,2025-10-05 15:29:59
2025-10-05 15:30:00,280.54,280.74,280.74,280.49,5560463.960000001,19815,2025-10-05 15:39:59
2025-10-05 15:40:00,280.73,280.98,280.98,280.72,3628779.31,12918,2025-10-05 15:49:59
2025-10-05 15:50:00,280.98,280.91,280.98,280.86,2421655.58,8620,2025-10-05 15:59:59
2025-10-05 16:00:00,280.91,280.95,280.98,280.87,8105576.499999998,28850,2025-10-05 16:09:59
2025-10-05 16:10:00,280.95,280.99,281.0,280.93,11258128.050000003,40066,2025-10-05 16:19:59
2025-10-05 16:20:00,280.99,280.99,281.0,280.98,1735100.1899999997,6175,2025-10-05 16:29:59
2025-10-05 16:30:00,280.99,280.99,281.0,280.9,5099674.159999997,18150,2025-10-05 16:39:59
2025-10-05 16:40:00,281.0,281.38,281.39,280.99,22296621.24,79273,2025-10-05 16:49:59
2025-10-05 16:50:00,281.37,281.3,281.38,281.29,5504230.629999999,19567,2025-10-05 16:59:59
2025-10-05 17:00:00,281.3,281.3,281.3,281.16,7702939.340000006,27385,2025-10-05 17:09:59
2025-10-05 17:10:00,281.3,281.27,281.44,281.19,12463613.45,44299,2025-10-05 17:19:59
2025-10-05 17:20:00,281.28,281.49,281.54,281.24,15961717.68999999,56712,2025-10-05 17:29:59
2025-10-05 17:30:00,281.49,281.31,281.5,281.3,13622173.420000006,48406,2025-10-05 17:39:59
2025-10-05 17:40:00,281.35,281.37,281.41,281.08,13518859.93,48068,2025-10-05 17:49:59
2025-10-05 17:50:00,281.37,281.4,281.48,281.3,4766271.0600000005,16938,2025-10-05 17:59:59
2025-10-05 18:00:00,281.4,281.35,281.45,281.16,8978534.429999998,31913,2025-10-05 18:09:59
2025-10-05 18:10:00,281.31,281.48,281.48,281.3,25887145.179999992,91994,2025-10-05 18:19:59
2025-10-05 18:20:00,281.48,281.65,281.77,281.44,33164226.70999999,117800,2025-10-05 18:29:59
2025-10-05 18:30:00,281.65,281.9,281.97,281.64,31392999.779999997,111391,2025-10-05 18:39:59
2025-10-05 18:40:00,281.88,281.79,281.89,281.72,12771911.379999999,45322,2025-10-05 18:49:59
2025-10-05 18:50:00,281.79,281.99,282.13,281.72,21776455.669999998,77235,2025-10-05 18:59:59
2025-10-06 06:50:00,282.39,282.39,282.39,282.39,1533660.0900000003,5431,2025-10-06 06:59:59
2025-10-06 07:00:00,282.4,282.53,283.17,282.39,79424534.50000004,280792,2025-10-06 07:09:59
2025-10-06 07:10:00,282.53,282.89,282.9,282.34,28373381.029999997,100427,2025-10-06 07:19:59
2025-10-06 07:20:00,282.89,283.06,283.07,282.82,23596234.599999998,83387,2025-10-06 07:29:59
2025-10-06 07:30:00,283.05,282.84,283.16,282.65,38243191.1,135168,2025-10-06 07:39:59
2025-10-06 07:40:00,282.8,283.16,283.2,282.69,43558637.919999994,153927,2025-10-06 07:49:59
2025-10-06 07:50:00,283.16,283.21,283.4,283.08,41801300.410000004,147583,2025-10-06 07:59:59
2025-10-06 08:00:00,283.21,283.29,283.38,283.2,16552591.609999998,58425,2025-10-06 08:09:59
2025-10-06 08:10:00,283.29,283.28,283.34,283.19,24320809.909999996,85850,2025-10-06 08:19:59
2025-10-06 08:20:00,283.29,283.04,283.3,283.0,18982781.06,67053,2025-10-06 08:29:59
2025-10-06 08:30:00,283.05,282.88,283.05,282.75,16744267.760000002,59201,2025-10-06 08:39:59
2025-10-06 08:40:00,282.88,282.94,282.96,282.72,13675971.27,48354,2025-10-06 08:49:59
2025-10-06 08:50:00,282.94,282.83,283.04,282.82,26914636.900000006,95146,2025-10-06 08:59:59
2025-10-06 09:00:00,282.83,281.86,282.84,281.82,123937007.18000004,439099,2025-10-06 09:09:59
2025-10-06 09:10:00,281.85,282.47,282.47,281.84,42762975.2,151580,2025-10-06 09:19:59
2025-10-06 09:20:00,282.46,282.67,282.67,282.35,25693883.59,90955,2025-10-06 09:29:59
2025-10-06 09:30:00,282.65,282.46,282.68,282.44,12760105.259999996,45166,2025-10-06 09:39:59
2025-10-06 09:40:00,282.46,282.61,282.64,282.43,13991032.620000001,49515,2025-10-06 09:49:59
2025-10-06 09:50:00,282.6,282.87,282.88,282.54,43224217.28,152895,2025-10-06 09:59:59
2025-10-06 10:00:00,282.87,284.29,284.37,282.53,527863865.5200001,1862058,2025-10-06 10:09:59
2025-10-06 10:10:00,284.28,284.92,284.99,284.27,318102958.40999997,1117949,2025-10-06 10:19:59
2025-10-06 10:20:00,284.92,284.85,285.1,284.65,185687083.69000047,651692,2025-10-06 10:29:59
2025-10-06 10:30:00,284.85,285.28,285.46,284.79,202994641.71999982,711762,2025-10-06 10:39:59
2025-10-06 10:40:00,285.34,284.67,285.35,284.53,221516507.44999996,777439,2025-10-06 10:49:59
2025-10-06 10:50:00,284.67,284.81,285.25,284.65,169909480.6,596326,2025-10-06 10:59:59
2025-10-06 11:00:00,284.81,284.9,285.12,284.81,79297570.69,278256,2025-10-06 11:09:59
2025-10-06 11:10:00,284.9,284.6,284.9,284.41,91712002.91000004,322244,2025-10-06 11:19:59
2025-10-06 11:20:00,284.56,284.67,284.69,284.4,51245663.50000001,180112,2025-10-06 11:29:59
2025-10-06 11:30:00,284.68,284.57,284.7,284.51,44953167.97000002,157955,2025-10-06 11:39:59
2025-10-06 11:40:00,284.56,284.73,284.84,284.51,54681734.65999998,192097,2025-10-06 11:49:59
2025-10-06 11:50:00,284.75,284.84,284.84,284.58,84197768.60999998,295752,2025-10-06 11:59:59
2025-10-06 12:00:00,284.84,285.81,285.93,284.84,204334569.89000013,715764,2025-10-06 12:09:59
2025-10-06 12:10:00,285.8,285.67,285.83,285.22,61413676.12000001,215117,2025-10-06 12:19:59
2025-10-06 12:20:00,285.65,285.97,285.97,285.51,92053991.03999987,322074,2025-10-06 12:29:59
2025-10-06 12:30:00,285.97,285.93,286.35,285.81,211897592.34999996,740643,2025-10-06 12:39:59
2025-10-06 12:40:00,285.94,285.71,286.0,285.63,86450591.82000001,302477,2025-10-06 12:49:59
2025-10-06 12:50:00,285.71,286.46,286.47,285.71,114385335.87000005,399729,2025-10-06 12:59:59
2025-10-06 13:00:00,286.46,286.56,286.56,285.98,111320296.57999992,388790,2025-10-06 13:09:59
2025-10-06 13:10:00,286.56,286.48,286.85,286.41,172316865.09999996,601075,2025-10-06 13:19:59
2025-10-06 13:20:00,286.49,285.91,286.53,285.75,144459863.84,504704,2025-10-06 13:29:59
2025-10-06 13:30:00,285.87,286.49,286.8,285.87,69184098.64,241452,2025-10-06 13:39:59
2025-10-06 13:40:00,286.5,286.31,286.61,285.9,104549556.62000002,365275,2025-10-06 13:49:59
2025-10-06 13:50:00,286.31,286.12,286.36,285.93,79227642.11999999,276857,2025-10-06 13:59:59
2025-10-06 14:00:00,286.12,286.19,286.4,286.04,44667278.51000002,156058,2025-10-06 14:09:59
2025-10-06 14:10:00,286.18,285.95,286.57,285.9,101336826.2,354063,2025-10-06 14:19:59
2025-10-06 14:20:00,285.89,285.45,286.01,285.05,195129579.79999998,683504,2025-10-06 14:29:59
2025-10-06 14:30:00,285.47,285.25,285.55,285.24,66129739.7,231746,2025-10-06 14:39:59
2025-10-06 14:40:00,285.28,285.12,285.47,285.04,101502851.55,355861,2025-10-06 14:49:59
2025-10-06 14:50:00,285.11,284.63,285.11,284.62,137300502.88,482084,2025-10-06 14:59:59
2025-10-06 15:00:00,284.62,284.78,285.0,284.53,72687332.22999997,255217,2025-10-06 15:09:59
2025-10-06 15:10:00,284.78,284.16,284.78,284.0,143054293.33999994,503332,2025-10-06 15:19:59
2025-10-06 15:20:00,284.18,283.56,284.36,283.5,215729518.03999996,759842,2025-10-06 15:29:59
2025-10-06 15:30:00,283.56,284.27,284.3,283.31,194924609.50000012,687326,2025-10-06 15:39:59
2025-10-06 15:40:00,284.25,284.78,285.0,283.8,146816941.45999998,516161,2025-10-06 15:49:59
2025-10-06 15:50:00,284.72,284.27,284.87,284.15,89973650.65000002,316228,2025-10-06 15:59:59
2025-10-06 16:00:00,284.29,285.26,285.38,284.16,65483840.00999999,229918,2025-10-06 16:09:59
2025-10-06 16:10:00,285.26,286.26,286.42,285.17,149219816.72999996,521948,2025-10-06 16:19:59
2025-10-06 16:20:00,286.24,285.67,286.24,285.61,65982346.97999999,230803,2025-10-06 16:29:59
2025-10-06 16:30:00,285.67,285.94,286.42,285.67,89538878.16999997,312916,2025-10-06 16:39:59
2025-10-06 16:40:00,285.95,286.82,287.0,285.91,284976587.87999964,993830,2025-10-06 16:49:59
2025-10-06 16:50:00,286.82,287.84,287.91,286.82,486053061.36,1690326,2025-10-06 16:59:59
2025-10-06 17:00:00,287.83,287.68,288.32,287.65,354759717.91,1231752,2025-10-06 17:09:59
2025-10-06 17:10:00,287.68,288.69,288.8,287.67,321375438.8700002,1114206,2025-10-06 17:19:59
2025-10-06 17:20:00,288.7,289.25,289.25,288.04,241849169.8,837697,2025-10-06 17:29:59
2025-10-06 17:30:00,289.25,289.37,289.45,289.08,184969493.75000003,639379,2025-10-06 17:39:59
2025-10-06 17:40:00,289.36,289.38,289.69,288.9,190664330.85999995,658980,2025-10-06 17:49:59
2025-10-06 17:50:00,289.34,289.0,289.67,289.0,154927617.38,535373,2025-10-06 17:59:59
2025-10-06 18:00:00,288.98,289.23,289.5,288.98,127799680.82000016,441790,2025-10-06 18:09:59
2025-10-06 18:10:00,289.23,289.82,289.89,289.13,200077133.70000005,690860,2025-10-06 18:19:59
2025-10-06 18:20:00,289.83,289.77,289.88,289.55,193468243.1299993,667635,2025-10-06 18:29:59
2025-10-06 18:30:00,289.78,290.01,290.44,289.76,244572268.6899999,843150,2025-10-06 18:39:59
2025-10-06 18:40:00,290.0,290.0,290.0,290.0,15665220.0,54018,2025-10-06 18:49:59
2025-10-06 19:00:00,289.98,289.85,290.88,289.74,169743261.63999993,584852,2025-10-06 19:09:59
2025-10-06 19:10:00,289.85,289.95,290.01,289.71,47075950.86,162411,2025-10-06 19:19:59
2025-10-06 19:20:00,289.95,289.76,290.03,289.61,58685776.56999999,202474,2025-10-06 19:29:59
2025-10-06 19:30:00,289.76,289.78,289.78,289.57,55296395.08999998,190880,2025-10-06 19:39:59
2025-10-06 19:40:00,289.77,290.9,290.95,289.72,257245001.0599999,885294,2025-10-06 19:49:59
2025-10-06 19:50:00,290.92,290.64,290.94,290.56,52301062.51,179892,2025-10-06 19:59:59
2025-10-06 20:00:00,290.64,290.58,290.68,290.54,38264816.27,131658,2025-10-06 20:09:59
2025-10-06 20:10:00,290.55,290.61,290.75,290.53,50846644.31999999,174945,2025-10-06 20:19:59
2025-10-06 20:20:00,290.6,290.58,290.67,290.46,28562394.259999998,98296,2025-10-06 20:29:59
2025-10-06 20:30:00,290.58,290.7,290.7,290.46,22398037.130000003,77074,2025-10-06 20:39:59
2025-10-06 20:40:00,290.69,289.9,290.7,289.88,53679061.320000015,184924,2025-10-06 20:49:59
2025-10-06 20:50:00,289.9,289.98,290.13,289.89,48704704.43000001,167976,2025-10-06 20:59:59
2025-10-06 21:00:00,289.92,290.15,290.15,289.9,13811395.29,47622,2025-10-06 21:09:59
2025-10-06 21:10:00,290.15,290.4,290.5,290.04,20824523.119999997,71732,2025-10-06 21:19:59
2025-10-06 21:20:00,290.4,289.61,290.52,289.61,53301628.45,183828,2025-10-06 21:29:59
2025-10-06 21:30:00,289.69,289.88,289.88,289.55,20481602.490000002,70708,2025-10-06 21:39:59
2025-10-06 21:40:00,289.87,290.1,290.14,289.84,23388205.07999999,80644,2025-10-06 21:49:59
2025-10-06 21:50:00,290.09,290.54,290.55,290.09,27416609.05,94415,2025-10-06 21:59:59
2025-10-06 22:00:00,290.54,290.74,290.79,290.43,50179820.22,172676,2025-10-06 22:09:59
2025-10-06 22:10:00,290.77,290.84,290.91,290.74,29536938.37,101562,2025-10-06 22:19:59
2025-10-06 22:20:00,290.84,290.88,290.91,290.83,24661528.419999998,84783,2025-10-06 22:29:59
2025-10-06 22:30:00,290.88,290.71,290.88,290.62,26263236.169999998,90319,2025-10-06 22:39:59
2025-10-06 22:40:00,290.72,290.61,290.86,290.6,23689705.139999997,81487,2025-10-06 22:49:59
2025-10-06 22:50:00,290.61,290.7,290.85,290.6,14903725.17,51255,2025-10-06 22:59:59
2025-10-06 23:00:00,290.75,290.82,290.85,290.7,15454941.560000002,53149,2025-10-06 23:09:59
2025-10-06 23:10:00,290.82,290.97,290.97,290.81,44777113.519999996,153922,2025-10-06 23:19:59
2025-10-06 23:20:00,290.97,290.85,290.99,290.74,51790239.57000001,178037,2025-10-06 23:29:59
2025-10-06 23:30:00,290.84,291.12,291.17,290.74,55229087.42000005,189806,2025-10-06 23:39:59
2025-10-06 23:40:00,291.02,290.56,291.17,290.0,78641921.99000001,270686,2025-10-06 23:49:59
2025-10-07 06:50:00,290.0,290.0,290.0,290.0,2904640.0,10016,2025-10-07 06:59:59
2025-10-07 07:00:00,290.0,290.62,290.76,289.15,97054047.94999999,335125,2025-10-07 07:09:59
2025-10-07 07:10:00,290.65,290.9,290.99,290.55,93928174.22,323003,2025-10-07 07:19:59
2025-10-07 07:20:00,290.9,290.21,290.91,290.01,56790160.27000003,195428,2025-10-07 07:29:59
2025-10-07 07:30:00,290.21,290.06,290.33,290.01,11974950.649999995,41272,2025-10-07 07:39:59
2025-10-07 07:40:00,290.05,290.01,290.23,290.0,20663353.13,71235,2025-10-07 07:49:59
2025-10-07 07:50:00,290.01,289.81,290.1,289.7,34581148.1,119319,2025-10-07 07:59:59
2025-10-07 08:00:00,289.84,289.95,289.97,289.72,22929616.310000006,79120,2025-10-07 08:09:59
2025-10-07 08:10:00,289.95,290.55,290.6,289.85,34718804.64,119632,2025-10-07 08:19:59
2025-10-07 08:20:00,290.56,290.86,290.88,290.23,34700221.45999999,119422,2025-10-07 08:29:59
2025-10-07 08:30:00,290.88,290.59,290.88,290.5,25441416.82,87526,2025-10-07 08:39:59
2025-10-07 08:40:00,290.59,290.86,290.89,290.59,14895190.610000001,51222,2025-10-07 08:49:59
2025-10-07 08:50:00,290.87,291.35,291.49,290.86,83017219.52000006,285092,2025-10-07 08:59:59
2025-10-07 09:00:00,291.36,289.78,291.49,289.75,117406381.63,403870,2025-10-07 09:09:59
2025-10-07 09:10:00,289.79,290.27,290.29,289.78,59064914.43999998,203642,2025-10-07 09:19:59
2025-10-07 09:20:00,290.28,289.89,290.49,289.88,38217868.53,131714,2025-10-07 09:29:59
2025-10-07 09:30:00,289.89,289.69,289.92,289.25,111047287.17999996,383533,2025-10-07 09:39:59
2025-10-07 09:40:00,289.68,289.68,289.74,289.08,67886199.47,234640,2025-10-07 09:49:59
2025-10-07 09:50:00,289.72,289.7,289.78,289.41,28457574.290000003,98276,2025-10-07 09:59:59
2025-10-07 10:00:00,289.75,289.2,290.7,288.8,342080444.65,1182043,2025-10-07 10:09:59
2025-10-07 10:10:00,289.2,289.46,289.5,288.75,146442987.43999997,506742,2025-10-07 10:19:59
2025-10-07 10:20:00,289.48,290.32,290.61,289.22,146538162.09,505746,2025-10-07 10:29:59
2025-10-07 10:30:00,290.32,291.68,291.84,289.91,293566339.42999995,1009042,2025-10-07 10:39:59
2025-10-07 10:40:00,291.68,293.16,293.28,291.5,500466280.9100001,1711121,2025-10-07 10:49:59
2025-10-07 10:50:00,293.17,293.54,293.9,293.17,431244922.64,1468703,2025-10-07 10:59:59
2025-10-07 11:00:00,293.54,294.53,294.76,293.44,558367321.9399996,1897475,2025-10-07 11:09:59
2025-10-07 11:10:00,294.52,295.19,295.6,294.4,1068856093.6700001,3622183,2025-10-07 11:19:59
2025-10-07 11:20:00,295.19,295.75,295.79,294.86,492877975.0300002,1668900,2025-10-07 11:29:59
2025-10-07 11:30:00,295.75,295.53,295.87,295.35,446341021.6199998,1509812,2025-10-07 11:39:59
2025-10-07 11:40:00,295.53,295.05,295.54,294.87,264232048.69000012,895372,2025-10-07 11:49:59
2025-10-07 11:50:00,295.05,295.0,295.47,294.95,160030774.93,542228,2025-10-07 11:59:59
2025-10-07 12:00:00,295.0,295.0,295.3,294.8,208512661.14000005,706760,2025-10-07 12:09:59
2025-10-07 12:10:00,295.01,294.7,295.02,294.7,122519681.26,415525,2025-10-07 12:19:59
2025-10-07 12:20:00,294.71,294.46,294.81,294.39,166777386.63000005,566141,2025-10-07 12:29:59
2025-10-07 12:30:00,294.46,294.59,294.59,294.35,80145259.81000002,272152,2025-10-07 12:39:59
2025-10-07 12:40:00,294.59,294.93,295.0,294.52,150349367.43999997,510131,2025-10-07 12:49:59
2025-10-07 12:50:00,294.91,294.86,294.99,294.72,41589898.08,141020,2025-10-07 12:59:59
2025-10-07 13:00:00,294.86,294.09,294.94,294.05,145892038.98,495667,2025-10-07 13:09:59
2025-10-07 13:10:00,294.07,294.51,294.74,294.07,79207773.31,268974,2025-10-07 13:19:59
2025-10-07 13:20:00,294.51,295.02,295.03,294.4,136314822.49999994,462284,2025-10-07 13:29:59
2025-10-07 13:30:00,295.03,294.67,295.03,294.23,75630670.53,256664,2025-10-07 13:39:59
2025-10-07 13:40:00,294.7,294.83,294.9,294.54,33875385.660000004,114913,2025-10-07 13:49:59
2025-10-07 13:50:00,294.84,294.99,295.16,294.75,133282200.62000003,451883,2025-10-07 13:59:59
2025-10-07 14:00:00,295.0,294.68,295.0,294.52,54464962.03000001,184760,2025-10-07 14:09:59
2025-10-07 14:10:00,294.69,294.63,294.88,294.44,71850483.22,243904,2025-10-07 14:19:59
2025-10-07 14:20:00,294.63,294.69,294.78,294.45,36938566.5,125379,2025-10-07 14:29:59
2025-10-07 14:30:00,294.7,295.04,295.1,294.59,49618569.75999999,168230,2025-10-07 14:39:59
2025-10-07 14:40:00,295.04,294.5,295.04,294.48,49949647.85,169451,2025-10-07 14:49:59
2025-10-07 14:50:00,294.5,293.97,294.53,293.81,332914445.60999995,1132150,2025-10-07 14:59:59
2025-10-07 15:00:00,293.97,293.19,293.98,293.19,276892298.03000015,943089,2025-10-07 15:09:59
2025-10-07 15:10:00,293.19,293.68,293.74,293.19,74174750.73,252742,2025-10-07 15:19:59
2025-10-07 15:20:00,293.68,293.68,293.72,293.33,44240158.510000005,150709,2025-10-07 15:29:59
2025-10-07 15:30:00,293.66,294.26,294.28,293.39,143362725.57,487843,2025-10-07 15:39:59
2025-10-07 15:40:00,294.26,293.78,294.37,293.77,66444941.52000001,225960,2025-10-07 15:49:59
2025-10-07 15:50:00,293.79,294.15,294.34,293.62,56940109.29999998,193674,2025-10-07 15:59:59
2025-10-07 16:00:00,294.17,293.97,294.22,293.74,35986095.95999999,122433,2025-10-07 16:09:59
2025-10-07 16:10:00,293.97,293.67,294.23,293.66,32913844.5,112029,2025-10-07 16:19:59
2025-10-07 16:20:00,293.67,293.51,294.0,293.5,109158088.36,371500,2025-10-07 16:29:59
2025-10-07 16:30:00,293.51,293.32,293.59,293.03,164976302.44999993,562579,2025-10-07 16:39:59
2025-10-07 16:40:00,293.32,293.5,293.5,293.06,57656836.89999998,196626,2025-10-07 16:49:59
2025-10-07 16:50:00,293.5,293.7,293.88,293.49,43780150.40999998,149073,2025-10-07 16:59:59
2025-10-07 17:00:00,293.7,293.09,293.71,293.04,81583100.79,278214,2025-10-07 17:09:59
2025-10-07 17:10:00,293.09,293.21,293.25,292.6,151957969.63000003,518802,2025-10-07 17:19:59
2025-10-07 17:20:00,293.21,292.92,293.31,292.8,60809547.24000001,207500,2025-10-07 17:29:59
2025-10-07 17:30:00,292.91,292.69,293.02,292.64,57369373.76,195930,2025-10-07 17:39:59
2025-10-07 17:40:00,292.69,293.29,293.32,292.68,87839365.96999998,299755,2025-10-07 17:49:59
2025-10-07 17:50:00,293.29,293.63,293.74,293.22,95487760.00000001,325248,2025-10-07 17:59:59
2025-10-07 18:00:00,293.64,293.41,293.75,292.89,103166337.90000004,351674,2025-10-07 18:09:59
2025-10-07 18:10:00,293.41,293.95,293.95,293.35,60749295.89000003,206922,2025-10-07 18:19:59
2025-10-07 18:20:00,293.96,293.8,294.0,293.79,172623575.85,587227,2025-10-07 18:29:59
2025-10-07 18:30:00,293.79,293.31,294.22,293.31,97125361.91000001,330510,2025-10-07 18:39:59
2025-10-07 18:40:00,293.67,293.67,293.67,293.67,55821380.94000003,190082,2025-10-07 18:49:59
2025-10-07 19:00:00,293.67,293.3,293.86,293.26,47777359.79000001,162760,2025-10-07 19:09:59
2025-10-07 19:10:00,293.31,293.22,293.45,293.05,41268782.62000001,140743,2025-10-07 19:19:59
2025-10-07 19:20:00,293.25,292.68,293.25,292.68,55918192.75999999,190923,2025-10-07 19:29:59
2025-10-07 19:30:00,292.72,292.7,293.0,292.15,142180876.39999998,486162,2025-10-07 19:39:59
2025-10-07 19:40:00,292.7,292.07,292.75,292.0,125158942.44999996,428347,2025-10-07 19:49:59
2025-10-07 19:50:00,292.07,292.22,292.25,292.02,69719573.12999998,238708,2025-10-07 19:59:59
2025-10-07 20:00:00,292.22,292.58,292.64,292.03,30421920.85999999,104074,2025-10-07 20:09:59
2025-10-07 20:10:00,292.58,293.0,293.0,292.51,73133605.54000004,249807,2025-10-07 20:19:59
2025-10-07 20:20:00,293.0,292.93,293.14,292.9,25665174.36,87589,2025-10-07 20:29:59
2025-10-07 20:30:00,292.92,292.88,293.22,292.88,28832709.370000012,98418,2025-10-07 20:39:59
2025-10-07 20:40:00,292.89,293.01,293.04,292.88,5182111.159999999,17688,2025-10-07 20:49:59
2025-10-07 20:50:00,293.0,293.03,293.13,292.88,12985404.76,44316,2025-10-07 20:59:59
2025-10-07 21:00:00,293.02,293.02,293.34,293.0,29671807.62,101233,2025-10-07 21:09:59
2025-10-07 21:10:00,293.02,293.0,293.08,293.0,31318498.82999999,106886,2025-10-07 21:19:59
2025-10-07 21:20:00,293.02,292.5,293.02,292.5,115729212.91000003,395438,2025-10-07 21:29:59
2025-10-07 21:30:00,292.52,292.63,292.65,292.23,53878630.919999994,184239,2025-10-07 21:39:59
2025-10-07 21:40:00,292.63,292.88,292.98,292.6,62268858.660000004,212679,2025-10-07 21:49:59
2025-10-07 21:50:00,292.91,292.87,292.93,292.81,6929794.529999998,23660,2025-10-07 21:59:59
2025-10-07 22:00:00,292.87,292.76,292.87,292.7,9483449.589999998,32391,2025-10-07 22:09:59
2025-10-07 22:10:00,292.81,293.08,293.22,292.81,26010779.659999993,88737,2025-10-07 22:19:59
2025-10-07 22:20:00,293.09,293.01,293.19,292.9,30677296.3,104679,2025-10-07 22:29:59
2025-10-07 22:30:00,293.02,293.08,293.09,292.95,15784469.599999998,53872,2025-10-07 22:39:59
2025-10-07 22:40:00,293.08,293.51,293.57,293.08,28035073.269999992,95582,2025-10-07 22:49:59
2025-10-07 22:50:00,293.56,293.67,293.74,293.49,32348050.029999994,110183,2025-10-07 22:59:59
2025-10-07 23:00:00,293.68,293.78,293.8,293.64,15659756.01,53311,2025-10-07 23:09:59
2025-10-07 23:10:00,293.78,294.0,294.0,293.69,18119950.950000003,61661,2025-10-07 23:19:59
2025-10-07 23:20:00,293.99,294.03,294.03,293.91,33610684.4,114315,2025-10-07 23:29:59
2025-10-07 23:30:00,294.03,293.85,294.03,293.73,19861092.210000005,67569,2025-10-07 23:39:59
2025-10-07 23:40:00,293.85,293.89,293.96,293.6,23344120.9,79450,2025-10-07 23:49:59
2025-10-08 06:50:00,293.93,293.93,293.93,293.93,1409100.4199999997,4794,2025-10-08 06:59:59
2025-10-08 07:00:00,293.95,294.23,294.26,293.81,37586621.31,127790,2025-10-08 07:09:59
2025-10-08 07:10:00,294.23,294.78,294.83,294.2,50307986.299999975,170815,2025-10-08 07:19:59
2025-10-08 07:20:00,294.77,294.22,294.83,294.2,48671962.769999996,165168,2025-10-08 07:29:59
2025-10-08 07:30:00,294.23,294.5,294.56,294.22,34318293.78,116586,2025-10-08 07:39:59
2025-10-08 07:40:00,294.51,294.24,294.51,294.21,11900873.760000002,40433,2025-10-08 07:49:59
2025-10-08 07:50:00,294.25,294.5,294.5,294.22,10704461.18,36354,2025-10-08 07:59:59
2025-10-08 08:00:00,294.49,294.43,294.5,294.36,10394937.65,35310,2025-10-08 08:09:59
2025-10-08 08:10:00,294.44,294.4,294.5,294.4,6535304.799999997,22194,2025-10-08 08:19:59
2025-10-08 08:20:00,294.4,294.17,294.41,294.06,44733919.35999997,152033,2025-10-08 08:29:59
2025-10-08 08:30:00,294.19,294.19,294.27,294.0,24480824.610000003,83251,2025-10-08 08:39:59
2025-10-08 08:40:00,294.17,294.08,294.2,294.0,20135124.769999992,68466,2025-10-08 08:49:59
2025-10-08 08:50:00,294.14,294.2,294.2,293.7,35862027.169999965,121985,2025-10-08 08:59:59
2025-10-08 09:00:00,294.19,294.14,294.23,293.67,43181289.860000014,146922,2025-10-08 09:09:59
2025-10-08 09:10:00,294.14,293.81,294.15,293.79,17398528.500000007,59176,2025-10-08 09:19:59
2025-10-08 09:20:00,293.8,293.66,293.98,293.66,9999393.45,34032,2025-10-08 09:29:59
2025-10-08 09:30:00,293.66,293.43,293.67,293.32,39245046.28000001,133710,2025-10-08 09:39:59
2025-10-08 09:40:00,293.43,293.8,293.9,293.39,24090627.40999999,82017,2025-10-08 09:49:59
2025-10-08 09:50:00,293.81,294.07,294.08,293.79,63294002.77000002,215320,2025-10-08 09:59:59
2025-10-08 10:00:00,294.07,294.18,295.0,293.86,211141789.58000004,716753,2025-10-08 10:09:59
2025-10-08 10:10:00,294.17,293.07,294.17,293.01,195219638.73000002,665480,2025-10-08 10:19:59
2025-10-08 10:20:00,293.09,292.69,293.1,292.69,192085433.59000003,655879,2025-10-08 10:29:59
2025-10-08 10:30:00,292.69,292.02,292.8,292.01,218624318.0399999,747593,2025-10-08 10:39:59
2025-10-08 10:40:00,292.02,292.31,292.32,292.0,219287668.32000017,750483,2025-10-08 10:49:59
2025-10-08 10:50:00,292.32,291.61,292.49,291.22,261542841.00999975,896619,2025-10-08 10:59:59
2025-10-08 11:00:00,291.61,290.89,291.63,290.62,294362402.4300002,1011601,2025-10-08 11:09:59
2025-10-08 11:10:00,290.89,291.27,291.31,290.5,202038063.73000005,694529,2025-10-08 11:19:59
2025-10-08 11:20:00,291.27,291.0,291.4,290.55,262445253.1100002,902061,2025-10-08 11:29:59
2025-10-08 11:30:00,290.99,291.05,291.29,290.92,117447584.71999998,403481,2025-10-08 11:39:59
2025-10-08 11:40:00,291.04,291.27,291.78,291.04,184459727.38000003,632993,2025-10-08 11:49:59
2025-10-08 11:50:00,291.27,291.21,291.51,291.2,157121732.74999997,539279,2025-10-08 11:59:59
2025-10-08 12:00:00,291.2,290.64,291.21,290.5,141903342.20999998,488220,2025-10-08 12:09:59
2025-10-08 12:10:00,290.63,290.61,290.87,290.5,80596714.40999997,277350,2025-10-08 12:19:59
2025-10-08 12:20:00,290.6,289.87,290.61,289.8,424017371.5199997,1461236,2025-10-08 12:29:59
2025-10-08 12:30:00,289.85,289.46,289.87,289.29,326974125.5200005,1129291,2025-10-08 12:39:59
2025-10-08 12:40:00,289.45,288.85,289.49,288.11,567438906.1300002,1965641,2025-10-08 12:49:59
2025-10-08 12:50:00,288.84,288.57,288.99,288.32,216069638.15000013,748253,2025-10-08 12:59:59
2025-10-08 13:00:00,288.55,288.86,288.9,288.13,186669046.44000006,647046,2025-10-08 13:09:59
2025-10-08 13:10:00,288.87,288.0,288.87,288.0,256790278.3600001,890538,2025-10-08 13:19:59
2025-10-08 13:20:00,288.01,287.26,288.05,287.21,602998833.49,2095146,2025-10-08 13:29:59
2025-10-08 13:30:00,287.23,286.08,287.55,286.06,883233445.1100001,3079696,2025-10-08 13:39:59
2025-10-08 13:40:00,286.08,286.04,286.44,285.4,985382729.8699996,3446456,2025-10-08 13:49:59
2025-10-08 13:50:00,286.04,286.2,286.78,285.99,365452714.74,1275977,2025-10-08 13:59:59
2025-10-08 14:00:00,286.24,286.31,286.47,285.65,221797630.85000008,775416,2025-10-08 14:09:59
2025-10-08 14:10:00,286.32,286.37,286.94,286.07,353899760.55999374,1234852,2025-10-08 14:19:59
2025-10-08 14:20:00,286.36,286.64,286.98,286.32,156445915.14999998,545584,2025-10-08 14:29:59
2025-10-08 14:30:00,286.65,287.18,287.21,286.46,144481992.9,503754,2025-10-08 14:39:59
2025-10-08 14:40:00,287.19,286.58,287.61,286.47,373538657.8,1300619,2025-10-08 14:49:59
2025-10-08 14:50:00,286.58,286.03,286.75,285.89,137091762.37,478881,2025-10-08 14:59:59
2025-10-08 15:00:00,285.99,286.53,286.57,285.65,166007692.28000003,580292,2025-10-08 15:09:59
2025-10-08 15:10:00,286.53,286.98,286.98,286.36,73695217.07,256963,2025-10-08 15:19:59
2025-10-08 15:20:00,286.97,286.67,287.0,286.24,95738516.21000001,334035,2025-10-08 15:29:59
2025-10-08 15:30:00,286.67,285.03,286.71,285.0,212833401.43000004,744939,2025-10-08 15:39:59
2025-10-08 15:40:00,285.04,286.07,286.5,285.03,274452839.45000017,960362,2025-10-08 15:49:59
2025-10-08 15:50:00,286.06,284.8,286.4,284.64,250264361.4799998,877018,2025-10-08 15:59:59
2025-10-08 16:00:00,284.84,284.39,284.99,284.0,393757452.7,1384305,2025-10-08 16:09:59
2025-10-08 16:10:00,284.39,285.13,285.24,283.93,300296344.9500001,1056067,2025-10-08 16:19:59
2025-10-08 16:20:00,285.16,284.76,285.68,284.6,306859069.97000027,1076499,2025-10-08 16:29:59
2025-10-08 16:30:00,284.76,285.32,285.33,284.6,82123835.53999998,288238,2025-10-08 16:39:59
2025-10-08 16:40:00,285.32,285.36,285.56,284.88,208808143.68999997,731729,2025-10-08 16:49:59
2025-10-08 16:50:00,285.36,284.13,285.52,284.0,251176542.83,882632,2025-10-08 16:59:59
2025-10-08 17:00:00,284.13,284.18,284.72,283.83,204817593.98999992,720706,2025-10-08 17:09:59
2025-10-08 17:10:00,284.19,283.8,284.26,283.05,241097900.45999995,850175,2025-10-08 17:19:59
2025-10-08 17:20:00,283.81,284.64,284.8,283.02,200222032.92,705823,2025-10-08 17:29:59
2025-10-08 17:30:00,284.67,283.68,284.73,283.57,120491486.58999996,424391,2025-10-08 17:39:59
2025-10-08 17:40:00,283.75,283.2,284.06,283.06,115909401.64999996,408875,2025-10-08 17:49:59
2025-10-08 17:50:00,283.19,282.33,283.19,282.28,436267271.7699999,1543611,2025-10-08 17:59:59
2025-10-08 18:00:00,282.32,282.93,283.51,282.12,365234202.06999993,1291852,2025-10-08 18:09:59
2025-10-08 18:10:00,282.94,281.31,282.94,281.2,402317550.8700001,1427277,2025-10-08 18:19:59
2025-10-08 18:20:00,281.3,279.59,281.3,279.16,1357792402.1400003,4844374,2025-10-08 18:29:59
2025-10-08 18:30:00,279.65,280.21,280.47,278.0,873184980.02,3125323,2025-10-08 18:39:59
2025-10-08 18:40:00,280.22,280.22,280.22,280.22,48461807.239999995,172942,2025-10-08 18:49:59
2025-10-08 19:00:00,280.31,280.4,281.3,278.8,566462678.7600001,2021479,2025-10-08 19:09:59
2025-10-08 19:10:00,280.4,280.92,281.55,279.81,390393514.1800001,1389690,2025-10-08 19:19:59
2025-10-08 19:20:00,280.92,281.05,281.39,280.85,348804011.6,1240745,2025-10-08 19:29:59
2025-10-08 19:30:00,281.06,281.29,281.41,280.8,216316674.39000005,769595,2025-10-08 19:39:59
2025-10-08 19:40:00,281.29,281.07,281.36,280.6,336587888.67000014,1198173,2025-10-08 19:49:59
2025-10-08 19:50:00,281.07,281.15,281.39,280.91,143962976.23999995,512057,2025-10-08 19:59:59
2025-10-08 20:00:00,281.16,282.13,282.19,281.04,236544556.68000004,839568,2025-10-08 20:09:59
2025-10-08 20:10:00,282.12,282.23,282.56,281.8,395065561.13000053,1399416,2025-10-08 20:19:59
2025-10-08 20:20:00,282.23,281.99,282.41,281.86,128272766.32999998,454601,2025-10-08 20:29:59
2025-10-08 20:30:00,281.99,281.46,282.03,281.21,141218953.7800003,501504,2025-10-08 20:39:59
2025-10-08 20:40:00,281.46,281.49,281.72,280.95,228268891.49999988,811497,2025-10-08 20:49:59
2025-10-08 20:50:00,281.47,281.57,281.85,281.35,44596555.98999997,158395,2025-10-08 20:59:59
2025-10-08 21:00:00,281.57,282.13,282.43,281.48,233190637.48000002,826620,2025-10-08 21:09:59
2025-10-08 21:10:00,282.12,282.29,282.49,282.11,148655083.01000002,526582,2025-10-08 21:19:59
2025-10-08 21:20:00,282.29,282.86,283.06,282.24,212426895.2800002,751247,2025-10-08 21:29:59
2025-10-08 21:30:00,282.87,282.83,282.87,282.34,78981024.99000001,279412,2025-10-08 21:39:59
2025-10-08 21:40:00,282.83,282.63,282.83,282.45,130281957.92000003,461010,2025-10-08 21:49:59
2025-10-08 21:50:00,282.6,282.42,282.67,282.36,40595743.87,143703,2025-10-08 21:59:59
2025-10-08 22:00:00,282.37,281.9,282.4,281.62,212201185.84999996,752482,2025-10-08 22:09:59
2025-10-08 22:10:00,281.89,282.19,282.4,281.74,83741596.91999997,296920,2025-10-08 22:19:59
2025-10-08 22:20:00,282.2,281.55,282.22,281.43,89813831.83999999,318731,2025-10-08 22:29:59
2025-10-08 22:30:00,281.61,281.85,282.02,281.61,74257833.06,263531,2025-10-08 22:39:59
2025-10-08 22:40:00,281.82,281.92,281.98,281.56,83528936.89,296420,2025-10-08 22:49:59
2025-10-08 22:50:00,281.93,281.98,282.16,281.8,44624602.92,158244,2025-10-08 22:59:59
2025-10-08 23:00:00,281.98,281.9,282.2,281.79,84995226.53,301399,2025-10-08 23:09:59
2025-10-08 23:10:00,281.9,282.19,282.21,281.75,29865683.749999996,105910,2025-10-08 23:19:59
2025-10-08 23:20:00,282.19,281.89,282.2,281.8,43691489.09000004,154930,2025-10-08 23:29:59
2025-10-08 23:30:00,281.82,281.79,281.98,281.21,117719975.18999997,417914,2025-10-08 23:39:59
2025-10-08 23:40:00,281.79,281.9,282.3,281.56,114280081.23999996,405303,2025-10-08 23:49:59
2025-10-09 06:50:00,282.8,282.8,282.8,282.8,11434735.200000001,40434,2025-10-09 06:59:59
2025-10-09 07:00:00,282.7,281.18,282.94,281.0,145994912.13000005,517562,2025-10-09 07:09:59
2025-10-09 07:10:00,281.18,282.67,282.79,281.18,87246417.08999993,309126,2025-10-09 07:19:59
2025-10-09 07:20:00,282.67,282.22,282.7,281.74,47774915.7,169335,2025-10-09 07:29:59
2025-10-09 07:30:00,282.21,282.55,282.57,282.2,13008706.69,46063,2025-10-09 07:39:59
2025-10-09 07:40:00,282.55,282.55,282.9,282.5,45163046.28000009,159736,2025-10-09 07:49:59
2025-10-09 07:50:00,282.55,283.42,283.49,282.53,53334360.379999936,188347,2025-10-09 07:59:59
2025-10-09 08:00:00,283.42,282.65,283.49,282.65,44738798.04999999,158048,2025-10-09 08:09:59
2025-10-09 08:10:00,282.66,283.18,283.29,281.97,53246982.57999999,188487,2025-10-09 08:19:59
2025-10-09 08:20:00,283.2,283.2,283.3,282.74,93976820.09999998,331951,2025-10-09 08:29:59
2025-10-09 08:30:00,283.19,282.1,283.24,282.1,88161443.77000001,311671,2025-10-09 08:39:59
2025-10-09 08:40:00,282.22,281.91,282.25,281.82,107536095.57,381336,2025-10-09 08:49:59
2025-10-09 08:50:00,281.92,282.41,282.55,281.88,30968908.12,109765,2025-10-09 08:59:59
2025-10-09 09:00:00,282.43,282.15,282.43,281.04,168542602.9300001,598476,2025-10-09 09:09:59
2025-10-09 09:10:00,282.14,281.09,282.14,280.53,381207946.3500001,1355773,2025-10-09 09:19:59
2025-10-09 09:20:00,281.09,282.02,282.39,281.08,228697381.54000005,811467,2025-10-09 09:29:59
2025-10-09 09:30:00,282.02,281.85,283.44,281.7,239232203.52000004,846911,2025-10-09 09:39:59
2025-10-09 09:40:00,281.85,281.85,282.19,281.36,135784494.98999998,481989,2025-10-09 09:49:59
2025-10-09 09:50:00,281.85,284.27,284.43,281.85,672708039.15,2372063,2025-10-09 09:59:59
2025-10-09 10:00:00,284.26,285.78,286.0,283.59,994788277.7600002,3487106,2025-10-09 10:09:59
2025-10-09 10:10:00,285.77,284.75,285.98,284.33,415942210.3400003,1458133,2025-10-09 10:19:59
2025-10-09 10:20:00,284.75,284.45,284.95,283.72,286417909.5800001,1007573,2025-10-09 10:29:59
2025-10-09 10:30:00,284.44,284.77,285.37,284.3,364979903.19999903,1280589,2025-10-09 10:39:59
2025-10-09 10:40:00,284.77,285.23,285.45,284.33,163096749.82000002,572648,2025-10-09 10:49:59
2025-10-09 10:50:00,285.23,284.3,285.26,284.04,302431516.7599998,1062539,2025-10-09 10:59:59
2025-10-09 11:00:00,284.3,283.39,284.63,283.2,300674327.3499999,1059727,2025-10-09 11:09:59
2025-10-09 11:10:00,283.39,282.76,283.45,282.5,305626812.85999984,1079925,2025-10-09 11:19:59
2025-10-09 11:20:00,282.75,280.25,283.07,280.18,984297956.7899997,3498932,2025-10-09 11:29:59
2025-10-09 11:30:00,280.25,279.1,280.84,278.75,1179115397.5900002,4214074,2025-10-09 11:39:59
2025-10-09 11:40:00,279.12,280.45,281.0,279.12,422600361.40000015,1507507,2025-10-09 11:49:59
2025-10-09 11:50:00,280.45,284.57,284.98,279.91,1037815984.8899999,3675657,2025-10-09 11:59:59
2025-10-09 12:00:00,284.59,285.29,286.88,283.76,1493052021.3799994,5225808,2025-10-09 12:09:59
2025-10-09 12:10:00,285.21,287.68,288.29,284.63,941709765.859999,3284301,2025-10-09 12:19:59
2025-10-09 12:20:00,287.68,287.67,289.52,287.5,860703578.2900001,2983882,2025-10-09 12:29:59
2025-10-09 12:30:00,287.67,287.32,288.47,287.19,434415275.06,1510418,2025-10-09 12:39:59
2025-10-09 12:40:00,287.33,286.61,287.48,286.31,345380280.01000005,1204503,2025-10-09 12:49:59
2025-10-09 12:50:00,286.62,287.3,287.99,286.56,368459480.12999964,1282208,2025-10-09 12:59:59
2025-10-09 13:00:00,287.3,288.66,288.77,287.3,568035116.8999999,1972182,2025-10-09 13:09:59
2025-10-09 13:10:00,288.66,288.44,289.2,288.1,439475040.17000014,1521649,2025-10-09 13:19:59
2025-10-09 13:20:00,288.43,287.77,288.81,287.66,253858911.25000003,880946,2025-10-09 13:29:59
2025-10-09 13:30:00,287.8,287.01,288.53,287.0,183571731.36,637715,2025-10-09 13:39:59
2025-10-09 13:40:00,287.02,286.81,287.28,286.61,221164875.69999996,770909,2025-10-09 13:49:59
2025-10-09 13:50:00,286.82,286.82,287.65,286.7,151350238.18000007,527178,2025-10-09 13:59:59
2025-10-09 14:00:00,286.82,287.11,287.5,286.72,95257206.82000352,331811,2025-10-09 14:09:59
2025-10-09 14:10:00,287.11,285.51,287.11,285.0,332590921.21000016,1163197,2025-10-09 14:19:59
2025-10-09 14:20:00,285.5,286.23,286.46,285.5,135559015.24,474014,2025-10-09 14:29:59
2025-10-09 14:30:00,286.24,286.48,286.79,285.87,122365583.06000002,427469,2025-10-09 14:39:59
2025-10-09 14:40:00,286.49,287.9,287.92,286.49,132583892.55000001,461575,2025-10-09 14:49:59
2025-10-09 14:50:00,287.91,287.46,288.2,287.16,86072694.88000007,299248,2025-10-09 14:59:59
2025-10-09 15:00:00,287.46,287.55,288.0,287.31,69251666.67999983,240741,2025-10-09 15:09:59
2025-10-09 15:10:00,287.57,288.71,288.99,287.54,201560435.80999997,698678,2025-10-09 15:19:59
2025-10-09 15:20:00,288.71,288.74,288.91,288.06,122704057.19999999,425255,2025-10-09 15:29:59
2025-10-09 15:30:00,288.74,288.37,289.16,288.23,158557386.6500009,548921,2025-10-09 15:39:59
2025-10-09 15:40:00,288.41,287.56,288.52,287.28,111922800.62000003,388794,2025-10-09 15:49:59
2025-10-09 15:50:00,287.56,287.68,287.7,286.69,133531122.12999997,464882,2025-10-09 15:59:59
2025-10-09 16:00:00,287.68,287.25,288.09,287.25,90139486.13999999,313297,2025-10-09 16:09:59
2025-10-09 16:10:00,287.24,287.99,288.08,287.2,45468504.41000003,158001,2025-10-09 16:19:59
2025-10-09 16:20:00,287.99,289.06,289.14,287.99,133040153.74999997,460956,2025-10-09 16:29:59
2025-10-09 16:30:00,289.11,288.79,289.36,288.52,147832436.25999993,511458,2025-10-09 16:39:59
2025-10-09 16:40:00,288.8,289.94,290.0,288.77,349418474.5400001,1206459,2025-10-09 16:49:59
2025-10-09 16:50:00,289.97,289.0,290.4,288.68,497025128.25000006,1715296,2025-10-09 16:59:59
2025-10-09 17:00:00,289.0,289.34,289.75,288.75,144135856.29999995,498356,2025-10-09 17:09:59
2025-10-09 17:10:00,289.35,288.32,289.9,288.05,274019546.2399999,947994,2025-10-09 17:19:59
2025-10-09 17:20:00,288.31,288.74,288.89,288.27,149296127.41,517367,2025-10-09 17:29:59
2025-10-09 17:30:00,288.74,288.67,288.97,288.19,109818649.08000003,380713,2025-10-09 17:39:59
2025-10-09 17:40:00,288.67,288.57,288.75,288.53,56702266.890000015,196402,2025-10-09 17:49:59
2025-10-09 17:50:00,288.57,289.75,289.86,288.26,215458376.24999988,745484,2025-10-09 17:59:59
2025-10-09 18:00:00,289.75,290.19,290.45,289.74,260961551.4099999,899424,2025-10-09 18:09:59
2025-10-09 18:10:00,290.19,289.53,290.21,289.42,125816442.17999996,434008,2025-10-09 18:19:59
2025-10-09 18:20:00,289.55,289.35,289.6,289.0,172532016.57000008,596537,2025-10-09 18:29:59
2025-10-09 18:30:00,289.33,289.37,289.43,289.22,65496905.18999998,226391,2025-10-09 18:39:59
2025-10-09 18:40:00,289.45,289.45,289.45,289.45,6904250.849999999,23853,2025-10-09 18:49:59
2025-10-09 19:00:00,289.44,289.42,289.8,289.21,52890242.11000007,182774,2025-10-09 19:09:59
2025-10-09 19:10:00,289.42,288.86,289.48,288.27,133914546.12,463783,2025-10-09 19:19:59
2025-10-09 19:20:00,288.85,289.23,289.38,288.73,45636295.129999995,157897,2025-10-09 19:29:59
2025-10-09 19:30:00,289.22,288.61,289.23,288.54,29828139.38999999,103266,2025-10-09 19:39:59
2025-10-09 19:40:00,288.58,288.63,288.77,288.54,34857396.33999999,120762,2025-10-09 19:49:59
2025-10-09 19:50:00,288.63,288.17,288.89,288.17,36496812.06,126448,2025-10-09 19:59:59
2025-10-09 20:00:00,288.17,288.38,288.5,288.06,67019167.96000003,232512,2025-10-09 20:09:59
2025-10-09 20:10:00,288.38,288.7,288.75,288.35,22204473.5,76944,2025-10-09 20:19:59
2025-10-09 20:20:00,288.7,288.28,288.71,288.14,56907613.900000006,197369,2025-10-09 20:29:59
2025-10-09 20:30:00,288.28,287.87,288.3,287.56,141073198.2,490113,2025-10-09 20:39:59
2025-10-09 20:40:00,287.85,287.94,288.16,287.85,15757830.74,54707,2025-10-09 20:49:59
2025-10-09 20:50:00,287.94,288.85,289.19,287.83,221525208.06999993,767201,2025-10-09 20:59:59
2025-10-09 21:00:00,288.85,288.77,288.99,288.73,35757238.82999999,123776,2025-10-09 21:09:59
2025-10-09 21:10:00,288.78,288.78,288.99,288.77,29029742.289999947,100477,2025-10-09 21:19:59
2025-10-09 21:20:00,288.79,288.75,288.79,288.53,25746284.390000008,89194,2025-10-09 21:29:59
2025-10-09 21:30:00,288.74,288.75,288.79,288.58,6856791.480000001,23751,2025-10-09 21:39:59
2025-10-09 21:40:00,288.74,288.97,288.99,288.65,16102584.98,55739,2025-10-09 21:49:59
2025-10-09 21:50:00,288.97,289.04,289.47,288.79,35954466.67,124334,2025-10-09 21:59:59
2025-10-09 22:00:00,289.05,289.03,289.3,288.85,66770484.75000002,230932,2025-10-09 22:09:59
2025-10-09 22:10:00,289.03,289.71,289.77,289.01,78541814.49000001,271438,2025-10-09 22:19:59
2025-10-09 22:20:00,289.71,289.73,289.94,289.61,54623561.99000002,188517,2025-10-09 22:29:59
2025-10-09 22:30:00,289.73,289.57,289.99,289.46,38935144.53,134375,2025-10-09 22:39:59
2025-10-09 22:40:00,289.57,289.72,289.81,289.48,54079137.31,186705,2025-10-09 22:49:59
2025-10-09 22:50:00,289.72,290.0,290.0,289.71,47219065.72,162848,2025-10-09 22:59:59
2025-10-09 23:00:00,290.0,289.73,290.0,289.65,24488931.910000008,84462,2025-10-09 23:09:59
2025-10-09 23:10:00,289.71,289.92,289.98,289.71,25092139.470000003,86568,2025-10-09 23:19:59
2025-10-09 23:20:00,289.92,289.92,289.99,289.68,31300558.069999997,107984,2025-10-09 23:29:59
2025-10-09 23:30:00,289.91,289.54,289.91,289.53,42540494.59,146803,2025-10-09 23:39:59
2025-10-09 23:40:00,289.54,289.37,289.7,288.9,71247233.52,246349,2025-10-09 23:49:59
2025-10-10 06:50:00,289.9,289.9,289.9,289.9,623285.0,2150,2025-10-10 06:59:59
2025-10-10 07:00:00,289.8,288.72,289.9,288.54,101499614.97999999,351106,2025-10-10 07:09:59
2025-10-10 07:10:00,288.72,289.45,289.45,288.7,20018139.36,69283,2025-10-10 07:19:59
2025-10-10 07:20:00,289.45,289.3,289.45,289.18,8558872.83,29589,2025-10-10 07:29:59
2025-10-10 07:30:00,289.31,289.79,289.93,289.3,15931132.039999997,55006,2025-10-10 07:39:59
2025-10-10 07:40:00,289.9,289.89,289.95,289.75,8278610.390000001,28556,2025-10-10 07:49:59
2025-10-10 07:50:00,289.89,289.27,289.9,289.27,10511424.530000001,36295,2025-10-10 07:59:59
2025-10-10 08:00:00,289.38,288.94,289.38,288.73,28725604.31,99401,2025-10-10 08:09:59
2025-10-10 08:10:00,288.94,288.64,289.0,288.64,11949498.590000002,41374,2025-10-10 08:19:59
2025-10-10 08:20:00,288.69,288.08,288.77,288.05,72540765.10999995,251588,2025-10-10 08:29:59
2025-10-10 08:30:00,288.1,287.8,288.28,287.65,37298456.33,129525,2025-10-10 08:39:59
2025-10-10 08:40:00,287.8,287.5,288.0,286.72,257342224.49999997,895948,2025-10-10 08:49:59
2025-10-10 08:50:00,287.5,288.0,288.09,287.4,48181490.63,167436,2025-10-10 08:59:59
2025-10-10 09:00:00,288.0,288.49,288.61,287.96,107766985.19000001,373801,2025-10-10 09:09:59
2025-10-10 09:10:00,288.54,287.74,288.77,287.73,87815922.15,304607,2025-10-10 09:19:59
2025-10-10 09:20:00,287.74,288.1,288.2,287.23,51498682.599999994,179034,2025-10-10 09:29:59
2025-10-10 09:30:00,288.1,288.29,288.7,288.1,55453165.85,192236,2025-10-10 09:39:59
2025-10-10 09:40:00,288.29,288.93,289.19,288.2,84558555.34000002,292804,2025-10-10 09:49:59
2025-10-10 09:50:00,288.95,289.28,289.5,288.75,87834634.50999998,303770,2025-10-10 09:59:59
2025-10-10 10:00:00,289.28,288.74,289.3,288.24,109104801.05000003,377829,2025-10-10 10:09:59
2025-10-10 10:10:00,288.74,288.35,289.0,287.77,157921078.86,547658,2025-10-10 10:19:59
2025-10-10 10:20:00,288.33,287.3,288.35,287.11,176461777.97000003,613592,2025-10-10 10:29:59
2025-10-10 10:30:00,287.3,287.58,287.9,287.0,227549497.03,791691,2025-10-10 10:39:59
2025-10-10 10:40:00,287.57,287.82,287.88,287.35,132436902.89999999,460439,2025-10-10 10:49:59
2025-10-10 10:50:00,287.83,287.52,287.88,287.4,54084925.29999999,188058,2025-10-10 10:59:59
2025-10-10 11:00:00,287.52,287.7,287.74,286.94,180533489.7999998,628642,2025-10-10 11:09:59
2025-10-10 11:10:00,287.7,287.12,287.78,286.56,260974266.90999997,908702,2025-10-10 11:19:59
2025-10-10 11:20:00,287.11,288.67,288.98,286.9,170565913.69999996,592275,2025-10-10 11:29:59
2025-10-10 11:30:00,288.67,288.61,288.93,288.32,114500117.55000003,396749,2025-10-10 11:39:59
2025-10-10 11:40:00,288.61,289.08,289.57,288.61,193200506.34,668165,2025-10-10 11:49:59
2025-10-10 11:50:00,289.08,289.28,289.45,288.57,100604516.22000001,347990,2025-10-10 11:59:59
2025-10-10 12:00:00,289.28,289.24,289.4,288.2,202001419.40999806,699801,2025-10-10 12:09:59
2025-10-10 12:10:00,289.23,288.5,289.24,288.4,60193245.629999965,208423,2025-10-10 12:19:59
2025-10-10 12:20:00,288.5,288.45,288.64,288.12,21285683.97999998,73803,2025-10-10 12:29:59
2025-10-10 12:30:00,288.45,288.39,289.2,288.18,61911304.44999996,214367,2025-10-10 12:39:59
2025-10-10 12:40:00,288.39,288.82,289.0,288.38,40349856.230000034,139686,2025-10-10 12:49:59
2025-10-10 12:50:00,288.82,288.65,288.82,288.12,51029651.13000001,176887,2025-10-10 12:59:59
2025-10-10 13:00:00,288.62,288.91,289.1,288.56,65235761.23999999,225846,2025-10-10 13:09:59
2025-10-10 13:10:00,288.91,288.57,289.03,288.01,69867692.01999998,242257,2025-10-10 13:19:59
2025-10-10 13:20:00,288.59,288.07,288.86,288.06,55682437.58999999,193050,2025-10-10 13:29:59
2025-10-10 13:30:00,288.06,288.18,288.29,287.15,368469960.60000014,1281470,2025-10-10 13:39:59
2025-10-10 13:40:00,288.16,287.38,288.17,286.7,252371373.33999997,878795,2025-10-10 13:49:59
2025-10-10 13:50:00,287.34,287.48,287.57,286.81,187035269.74000013,651318,2025-10-10 13:59:59
2025-10-10 14:00:00,287.48,287.33,287.88,286.73,139268946.74000013,484794,2025-10-10 14:09:59
2025-10-10 14:10:00,287.34,287.79,288.0,287.34,72986337.46000004,253690,2025-10-10 14:19:59
2025-10-10 14:20:00,287.77,287.43,287.78,287.37,18063322.229999974,62819,2025-10-10 14:29:59
2025-10-10 14:30:00,287.49,287.37,287.79,287.13,56414055.99999998,196245,2025-10-10 14:39:59
2025-10-10 14:40:00,287.33,287.68,287.99,287.33,51960300.030000016,180591,2025-10-10 14:49:59
2025-10-10 14:50:00,287.68,287.28,287.7,287.1,70213331.42999999,244401,2025-10-10 14:59:59
2025-10-10 15:00:00,287.22,287.04,287.46,286.8,97735180.60999998,340443,2025-10-10 15:09:59
2025-10-10 15:10:00,287.04,287.0,287.13,286.33,265531558.78999996,926215,2025-10-10 15:19:59
2025-10-10 15:20:00,286.97,287.25,287.6,286.15,210255703.69000003,733389,2025-10-10 15:29:59
2025-10-10 15:30:00,287.25,287.68,287.98,287.06,77766193.91999996,270324,2025-10-10 15:39:59
2025-10-10 15:40:00,287.68,286.97,287.69,286.76,85248323.7100001,296930,2025-10-10 15:49:59
2025-10-10 15:50:00,286.97,286.54,287.18,286.5,33326473.76,116195,2025-10-10 15:59:59
2025-10-10 16:00:00,286.54,286.79,286.8,286.3,84126953.71999992,293650,2025-10-10 16:09:59
2025-10-10 16:10:00,286.8,286.36,286.8,285.69,185669722.6599999,648978,2025-10-10 16:19:59
2025-10-10 16:20:00,286.41,285.23,286.41,285.0,236531197.01000017,828862,2025-10-10 16:29:59
2025-10-10 16:30:00,285.24,285.22,285.3,284.5,340855847.31000006,1196485,2025-10-10 16:39:59
2025-10-10 16:40:00,285.22,285.25,285.4,284.26,223578503.92999992,785063,2025-10-10 16:49:59
2025-10-10 16:50:00,285.24,285.38,285.85,284.27,203710134.26000008,714381,2025-10-10 16:59:59
2025-10-10 17:00:00,285.37,285.28,285.59,284.71,238365031.91000006,836148,2025-10-10 17:09:59
2025-10-10 17:10:00,285.28,284.5,285.32,284.49,119111612.02999999,418056,2025-10-10 17:19:59
2025-10-10 17:20:00,284.5,284.84,285.28,284.32,96283673.05000001,337881,2025-10-10 17:29:59
2025-10-10 17:30:00,284.82,285.01,285.29,284.53,130673153.75999993,458665,2025-10-10 17:39:59
2025-10-10 17:40:00,285.0,286.95,286.99,284.91,219421320.72000003,767134,2025-10-10 17:49:59
2025-10-10 17:50:00,286.91,285.58,287.94,285.22,568865368.9800004,1982467,2025-10-10 17:59:59
2025-10-10 18:00:00,285.62,285.12,286.29,285.12,201447408.18999997,705348,2025-10-10 18:09:59
2025-10-10 18:10:00,285.13,285.21,285.9,284.1,218119141.44,765124,2025-10-10 18:19:59
2025-10-10 18:20:00,285.21,285.75,286.05,285.1,120528051.32,422122,2025-10-10 18:29:59
2025-10-10 18:30:00,285.71,285.81,286.28,285.45,99535432.00000001,348126,2025-10-10 18:39:59
2025-10-10 18:40:00,285.75,285.75,285.75,285.75,1871376.75,6549,2025-10-10 18:49:59
2025-10-10 19:00:00,285.81,285.3,286.21,285.14,69382363.92,242905,2025-10-10 19:09:59
2025-10-10 19:10:00,285.3,285.41,285.68,285.18,37378130.729999974,131009,2025-10-10 19:19:59
2025-10-10 19:20:00,285.4,286.0,286.0,285.4,22657540.13000001,79287,2025-10-10 19:29:59
2025-10-10 19:30:00,286.0,286.41,286.44,285.51,75126153.1999998,262617,2025-10-10 19:39:59
2025-10-10 19:40:00,286.41,286.18,286.44,285.89,87860973.30000009,307066,2025-10-10 19:49:59
2025-10-10 19:50:00,286.18,286.2,286.43,286.15,34023269.09,118852,2025-10-10 19:59:59
2025-10-10 20:00:00,286.2,285.88,286.2,285.71,18462934.869999997,64576,2025-10-10 20:09:59
2025-10-10 20:10:00,285.89,285.83,285.91,285.66,12860491.709999995,45001,2025-10-10 20:19:59
2025-10-10 20:20:00,285.85,285.83,285.97,285.77,12151674.960000003,42514,2025-10-10 20:29:59
2025-10-10 20:30:00,285.83,286.08,286.09,285.8,9292810.399999995,32503,2025-10-10 20:39:59
2025-10-10 20:40:00,286.09,285.83,286.13,285.81,13305734.859999996,46537,2025-10-10 20:49:59
2025-10-10 20:50:00,285.83,286.16,286.18,285.83,18682662.140000004,65318,2025-10-10 20:59:59
2025-10-10 21:00:00,286.16,286.17,286.17,286.02,15282235.23,53423,2025-10-10 21:09:59
2025-10-10 21:10:00,286.17,286.4,286.55,286.16,44975016.410000004,157040,2025-10-10 21:19:59
2025-10-10 21:20:00,286.39,286.46,286.47,286.1,15444749.030000001,53954,2025-10-10 21:29:59
2025-10-10 21:30:00,286.46,286.42,286.47,286.27,26093478.47,91119,2025-10-10 21:39:59
2025-10-10 21:40:00,286.4,286.3,286.45,286.23,18226608.290000003,63649,2025-10-10 21:49:59
2025-10-10 21:50:00,286.29,285.99,286.29,285.9,36521321.64999997,127685,2025-10-10 21:59:59
2025-10-10 22:00:00,285.98,286.2,286.22,285.95,14929850.830000011,52193,2025-10-10 22:09:59
2025-10-10 22:10:00,286.2,285.85,286.2,285.81,20957373.159999996,73294,2025-10-10 22:19:59
2025-10-10 22:20:00,285.83,285.75,285.89,285.66,41244565.220000006,144333,2025-10-10 22:29:59
2025-10-10 22:30:00,285.73,285.65,285.75,285.65,11809857.389999999,41339,2025-10-10 22:39:59
2025-10-10 22:40:00,285.65,285.68,285.75,285.65,21425427.779999997,75004,2025-10-10 22:49:59
2025-10-10 22:50:00,285.7,285.57,285.77,285.56,28136277.540000014,98495,2025-10-10 22:59:59
2025-10-10 23:00:00,285.57,285.05,285.57,285.0,49829964.2,174759,2025-10-10 23:09:59
2025-10-10 23:10:00,285.05,285.45,285.46,285.0,39093069.62,137126,2025-10-10 23:19:59
2025-10-10 23:20:00,285.41,285.1,285.41,285.0,20259095.04,71062,2025-10-10 23:29:59
2025-10-10 23:30:00,285.11,284.91,285.11,284.77,42900266.60999999,150559,2025-10-10 23:39:59
2025-10-10 23:40:00,284.91,285.12,285.7,284.82,66609185.94,233500,2025-10-10 23:49:59
2025-10-11 09:50:00,284.4,284.4,284.4,284.4,3850207.199999998,13538,2025-10-11 09:59:59
2025-10-11 10:00:00,284.35,284.07,284.73,282.22,180072716.42999992,634900,2025-10-11 10:09:59
2025-10-11 10:10:00,284.07,284.29,284.44,283.64,44903048.48,158084,2025-10-11 10:19:59
2025-10-11 10:20:00,284.29,284.14,284.5,284.02,20827308.35,73262,2025-10-11 10:29:59
2025-10-11 10:30:00,284.13,284.25,284.29,284.05,7157160.359999999,25184,2025-10-11 10:39:59
2025-10-11 10:40:00,284.25,284.86,284.94,284.23,18849282.880000003,66199,2025-10-11 10:49:59
2025-10-11 10:50:00,284.86,284.57,285.31,284.22,49103368.949999996,172399,2025-10-11 10:59:59
2025-10-11 11:00:00,284.56,284.12,284.59,284.08,36717616.769999996,129188,2025-10-11 11:09:59
2025-10-11 11:10:00,284.13,284.42,284.44,284.1,22347415.83,78636,2025-10-11 11:19:59
2025-10-11 11:20:00,284.41,284.58,284.8,284.34,34657770.83,121801,2025-10-11 11:29:59
2025-10-11 11:30:00,284.59,284.47,284.82,284.21,14442836.560000002,50758,2025-10-11 11:39:59
2025-10-11 11:40:00,284.45,284.55,284.69,284.19,8352707.3,29359,2025-10-11 11:49:59
2025-10-11 11:50:00,284.55,284.64,284.64,284.33,4374083.880000001,15374,2025-10-11 11:59:59
2025-10-11 12:00:00,284.63,284.38,284.63,284.32,5740222.030000001,20179,2025-10-11 12:09:59
2025-10-11 12:10:00,284.37,284.47,284.51,284.19,7112082.829999998,25011,2025-10-11 12:19:59
2025-10-11 12:20:00,284.47,284.41,284.59,284.4,7912184.800000002,27810,2025-10-11 12:29:59
2025-10-11 12:30:00,284.4,284.42,284.45,284.4,2460439.719999999,8651,2025-10-11 12:39:59
2025-10-11 12:40:00,284.42,284.63,284.69,284.41,3542480.4299999997,12452,2025-10-11 12:49:59
2025-10-11 12:50:00,284.63,284.83,284.83,284.6,6982544.859999999,24521,2025-10-11 12:59:59
2025-10-11 13:00:00,284.79,284.92,284.94,284.78,3393690.38,11912,2025-10-11 13:09:59
2025-10-11 13:10:00,284.92,284.92,284.94,284.88,5837859.879999998,20490,2025-10-11 13:19:59
2025-10-11 13:20:00,284.92,284.87,284.95,284.85,13920459.229999999,48855,2025-10-11 13:29:59
2025-10-11 13:30:00,284.9,284.97,285.09,284.83,9382812.709999999,32931,2025-10-11 13:39:59
2025-10-11 13:40:00,284.92,285.12,285.23,284.92,24389805.21000001,85538,2025-10-11 13:49:59
2025-10-11 13:50:00,285.12,285.11,285.23,284.98,3432199.01,12037,2025-10-11 13:59:59
2025-10-11 14:00:00,285.11,285.09,285.11,285.0,2500009.9300000006,8770,2025-10-11 14:09:59
2025-10-11 14:10:00,285.09,285.06,285.09,284.97,1904567.0200000005,6682,2025-10-11 14:19:59
2025-10-11 14:20:00,285.06,284.78,285.07,284.74,4154261.570000001,14585,2025-10-11 14:29:59
2025-10-11 14:30:00,284.83,284.46,284.92,284.46,4507561.08,15835,2025-10-11 14:39:59
2025-10-11 14:40:00,284.47,284.49,284.63,284.37,3471393.85,12202,2025-10-11 14:49:59
2025-10-11 14:50:00,284.5,284.43,284.56,284.43,5464241.64,19204,2025-10-11 14:59:59
2025-10-11 15:00:00,284.44,284.37,284.51,284.37,1366881.21,4806,2025-10-11 15:09:59
2025-10-11 15:10:00,284.36,284.39,284.4,284.35,2537885.6599999997,8924,2025-10-11 15:19:59
2025-10-11 15:20:00,284.4,284.52,284.68,284.39,4466089.18,15700,2025-10-11 15:29:59
2025-10-11 15:30:00,284.54,284.84,284.84,284.49,3623943.98,12729,2025-10-11 15:39:59
2025-10-11 15:40:00,284.85,284.82,284.88,284.75,1686902.5900000003,5923,2025-10-11 15:49:59
2025-10-11 15:50:00,284.8,284.85,284.88,284.61,1924585.2,6758,2025-10-11 15:59:59
2025-10-11 16:00:00,284.85,284.98,285.04,284.79,8552368.29,30013,2025-10-11 16:09:59
2025-10-11 16:10:00,285.0,284.73,285.04,284.68,3857041.76,13537,2025-10-11 16:19:59
2025-10-11 16:20:00,284.78,284.86,284.89,284.72,817221.1799999999,2869,2025-10-11 16:29:59
2025-10-11 16:30:00,284.86,284.8,284.9,284.78,1476363.2699999996,5183,2025-10-11 16:39:59
2025-10-11 16:40:00,284.79,284.84,284.86,284.72,1056661.0999999996,3710,2025-10-11 16:49:59
